,owner_of,number of tokens
1,0x0000000000000000000000000000000000000001,11273
2,0x000000000000000000000000000000000000dead,12640
4,0x00000000000cd56832ce5dfbcbff02e7ec639bc9,319
7,0x000000000c18fb66fe655aff89e3fd4516c355f0,11
11,0x000001f568875f378bf6d170b790967fe429c81a,238
27,0x000b75fcdc15d41277deb033c72d2c8d774ccced,439
47,0x002781a27becd321d831d815e3fa386944b329c8,48
58,0x003f6b20bfa4b5cab701960ecf73859cb3c095fc,156
121,0x008c84421da5527f462886cec43d2717b686a7e4,479
127,0x0094378b691db9b4d6074870460ca466270b3cbe,41
139,0x00a839de7922491683f547a67795204763ff8237,727
148,0x00b6f8f1ee0241075799aa7474c70304d8fa0814,746
235,0x0120b4134354d7e885685a23e7606ccaf7d0b2b4,80
266,0x0154d25120ed20a516fe43991702e7463c5a6f6e,935
289,0x0174998c7e8fa81d45de706a1c911497921a8122,81
315,0x019ed608dd806b80193942f2a960e7ac8abb2ee3,504
350,0x01c65d2eed99ca3031fac95eea4edda3af74e55c,36
397,0x020ca66c30bec2c4fe3861a94e4db4a498a35872,4324
412,0x021d5abea6efbcd5dba2c8ae9237471448ea0856,329
417,0x0223b033fe732601907a9ba50406082c39266221,183
424,0x0228176388579efbe0bc049ab1dc73a9e069f683,66
438,0x0239769a1adf4def9f07da824b80b9c4fcb59593,309
524,0x02a522d98ec2d2c3bbe91acc29ee7fd32ab880ab,267
546,0x02c1ca960532947a45d40a752944cd9648ccf900,8
548,0x02c465d39fa7e876d1cd74be886323c2a66ef9e6,145
565,0x02da608fbff7e0abcf4ad34a6b1fbe4f3effa544,59
566,0x02dcce9e0aa57881dd15d09ad904c6ff93f0c059,513
613,0x0333f6c7b94c154f8c3d8f89cc34523103aab704,62
638,0x0359c0b2b30ff5e52893156c1baba2b55a468700,145
684,0x038fdde651bc9b6fe002057d64adc67ed69fc16d,20
687,0x0392c0d81934b52f64aa50c2cfbbcf28cd6141b2,299
699,0x03a129281f2f767c0a9c95d9ba982fe4b457c6da,108
749,0x03ea64a5ced21e2cccfaea0aec283d0a0afe9424,222
777,0x04148d6ce66cbb2f5c198c272b8117a5e7a6102e,47
819,0x044c7923c74e10448e8401f6d2f78297fd5a5054,44
1117,0x05ce5d83371872ca8d6c4319170b452898fda3f4,109
1134,0x05e2461c8c10138aee241268f28de6003d3dbadb,827
1158,0x0606702fb2ca6d8707c8a449d63a1bd9dffe14c4,76
1179,0x061600d3515b387d562504eed5a1a485f9ae0ee4,535
1214,0x0645e5e8e9dcd91f507cba441bf5136eaf8a3c84,23
1215,0x064635e9ad8c770df4430180f0983ac0c59fc3fc,360
1330,0x06eaf2aa96ca72e5bc4f94d9a86e1024c4c97e6c,129
1402,0x0751633a5f55cbb26cc6abb6b39648b12ebe70c6,83
1413,0x07614f65d7375e0f186fca98cbcbb7b1ad4c168b,54
1418,0x07670dd0d0d00ed6ec47cd4073c7ad5ddda32405,266
1441,0x078ad2aa3b4527e4996d087906b2a3da51bba122,7141
1466,0x07b24ba3e50be7b4411138823176f4382163d59a,265
1487,0x07cbd4e4473140b6078aa987907aaff5e500b9f1,197
1517,0x07f540903f9ec92ae3bc85a91742fa272da32618,233
1563,0x083fc10ce7e97cafbae0fe332a9c4384c5f54e45,298
1593,0x08562ecd51da642f526f11273bb8350004ccc319,36
1595,0x085843dbde124ab8babd558fea60534962628338,369
1687,0x08d816526bdc9d077dd685bd9fa49f58a5ab8e48,533
1693,0x08e242bb06d85073e69222af8273af419d19e4f6,73
1732,0x091bdd0d200617ec53b95f5b60e4f537e151ad13,36
1816,0x09a26345a7ed7350133934f9b2dfe93a75e01173,660
1836,0x09be9ab0eb61327d26904bae69efdc6633d5eec8,1132
1853,0x09d8270a1de38b53df1f47dec27f377ce145115c,52
1880,0x09fabf8c79e141fea3b87629a19c1defef0b9291,546
1903,0x0a16006013a26cb8ffbdd3b31d19cbf723f024f2,33
1968,0x0a690b298f84d12414f5c8db7de1ece5a4605877,4174
2003,0x0aa568cfc61041aa215cce4a39b883004276a0be,67
2012,0x0ab3cd94e756b856366194e440f60ea97eca2c32,26
2014,0x0ab4b2f1a5cf3d72206cc1415b8e88ef9c698423,135
2039,0x0ade490244a34c69c1e31e7c2c95e20b42daf988,11
2050,0x0aed1878803e2f86b6ddb83f5523f0a793e973fc,128
2120,0x0b5dd26f44d36141d97a3bf6841e7ba63c092af9,426
2146,0x0b81747f504dfc906a215e301d8b8ad82e44cbd2,101
2185,0x0bc2dab96f47dac7c58db9469402cf3c7775a537,113
2194,0x0bc95f14395270a3c236ca1e15d77fb77b66c0a1,406
2296,0x0c54a765c77a88d9cda0bd7ad9b10422848d92ef,2414
2329,0x0c7c0edcb0dddd4b162e6b51eb7c70a9003a89ee,138
2354,0x0ca151881cf1ac5b16c73350df380ade8789a0a9,72
2471,0x0d25164b0a4e1cdb86bfe9800b0690db62d54c2f,44
2484,0x0d323d390c75e717e5807fc8b97ecf9c26741ab9,96
2494,0x0d43e9d9812c0d7c63c7cbe873526030307d921f,791
2514,0x0d5b12b86e85358fdacf216598c75863f954c66d,132
2541,0x0d77946d201ee95d272c21b3b3588e419df95586,56
2542,0x0d779d67a428457cabec145a0f94703d14cd496b,544
2550,0x0d81e1dd9d6d6761ab299f008a52834bb50a8986,187
2560,0x0d91e3ecdb153d5c375eb7bc529823684a3310d3,141
2594,0x0dbccb2f2b16926dd60770ff72c6bf6e5cab3cbe,4
2627,0x0de036ec7022330073861f5125b00b64e7a5b49c,75
2714,0x0e50da617197baad40804c95c25a8b0172d25d5f,95
2850,0x0f0924a3a5111e7987a23a49af826d2ba431342e,256
2853,0x0f0cb548a8332dbbbcda615a4c0e9a12310fe42b,189
2896,0x0f48669b1681d41357eac232f516b77d0c10f0f1,543
2905,0x0f581f00f6a318873e77715ef8953df226427ae7,32
2953,0x0f9a22d05a1f5395505fb6df2b51ebe300b281e0,133
2992,0x0fd87cfabbe4baeb639d7851583d8043ac06a662,195
3012,0x0ff4bcaf4d736edb8eba11dd66a4921e9f8b8b50,296
3030,0x101215fb12fa6eb7f8f4b781c6ef12834bd7e9ee,318
3103,0x109135c783ed5eaa97d5e9a837fd1a40ed21716a,93
3115,0x10a2dfb788a57587e6dead219fb2829b8ead9d7b,1054
3144,0x10ccd4136471c7c266a9fc4569622989fb4cab99,217
3223,0x11360f0c5552443b33720a44408aba01a809905e,5142
3260,0x11692163d68a652e7a05c4a3ee0a6c02f9dc0393,62
3301,0x11a3a86751eb5ad168619a7d41005ed5b58c2251,107
3322,0x11c5c17d69263911048bbee6be29a0b07985dd63,50
3348,0x11e4857bb9993a50c685a79afad4e6f65d518dda,433
3350,0x11ec6de5fd74e777b1a7d2e547a8b184507e58cf,20
3394,0x122d0e4c66019fe2ce97dc640c961658cbe6cdce,169
3401,0x123432244443b54409430979df8333f9308a6040,256
3432,0x125bc62db93669fc2783498742ceb5ca5666a10b,336
3438,0x1261968987c5cfa710cdcddddfbeab264cbd4e47,330
3466,0x1289f94bcc60ed9f894ab9d5a54c21b3d4b3f2da,27
3493,0x12a0e25e62c1dbd32e505446062b26aecb65f028,825
3520,0x12ca58e3544bcb6997260a3ce5e6429516d7f927,260
3670,0x138f66b1f3830ad6485a5ba9c85d22c582278d76,446
3679,0x139d174d5d88bab0057f94439eb158cb2dc1d558,78
3685,0x13a9518a451edad79079753c89cc7197ff3f570a,1845
3695,0x13b3a50f3947476eda74fe191344524e2d2d28e5,1090
3700,0x13c0dabeb938c21524c59cdc40bcb6fdb3618754,259
3712,0x13d33c9f2f3e7f8f14b1ee0988f4dc929ee87a92,267
3738,0x13eee41d67b8d99e11174161d72cf8ccd194458c,397
3792,0x1439b4d5a72343b68f12398c649df99d76b2af53,803
3908,0x14dec35854c5550afb8fd8394c3cf6593a974666,523
3915,0x14e9e4f62a085750b874863c7ece73b2c89cd1c2,5
3929,0x15001a844836bfccdef9f0fe326481c29052f8ec,404
3940,0x151dcb7d7c0bae08ff0f99469a7a03470ca9796e,111
3948,0x15296589df4156703d25475ea9b1039030acfaeb,6270
3990,0x156efcf76828e62ffa40a406677f8f2a46e14924,148
4100,0x161b8d03095f84cf9f2018a0582630bd88cd73cf,577
4108,0x16257cf909d5168eeef9083959edf9984304bb01,219
4181,0x168475730ee827adafc193612d41651e3658e600,57
4188,0x168b9bd22f3951466b32c0b31639e933d2b0fcce,57
4276,0x170ce88506ee01d6aebb6ee267c550df7a6d4320,120
4323,0x17410ac8e1e7c0296d3d1ee82c2bce9cf5250a5c,490
4344,0x175ea5b549d90b24684ff0668ff7cd478aa671a9,41
4404,0x17bf7d6a566c086ab396b6a2a232d6bb5381ce19,55
4410,0x17c5654e6b88ad551053d33813262d3e757b3074,338
4422,0x17d960a84c2bed36e16fa7051ca60a7e2464a6d5,77
4431,0x17e31bf839acb700e0f584797574a2c1fde46d0b,2607
4445,0x17ed592f2cb40dc5f5a7d2948ba051f4c71aceee,48
4454,0x17fa7a58221730075a60a585b3662b8c5a6eceb6,255
4508,0x184c7e34b75e3a0c5b996917319d9a083de621e9,145
4510,0x184dfd1197187c8ffc88da905fbacd31b739fa41,362
4523,0x1854a7a0b4f9466dbeeb3279e247d4d0b0a06e3b,96
4530,0x185b3776d4c0de480c5953786bbeeaa177488572,80
4535,0x186023307a30172638bba26eaa707eceb72cde80,31
4560,0x187d6e8741af35c45198ebec83905eb23e742b15,354
4566,0x188408ef0c26225705f6cdea6148f3f8ed802348,341
4571,0x188bd32f4c3b5ffaee22c2ec653f5d32ed27d844,596
4573,0x188c30e9a6527f5f0c3f7fe59b72ac7253c62f28,2071
4611,0x18c6a47aca1c6a237e53ed2fc3a8fb392c97169b,264
4622,0x18d175958209bd4b5c8b806f30f920fe290d7c97,669
4698,0x194d1a94cf0227af32f561756fc7ca596c0ddeca,55
4712,0x196a3dc8446920cef0f0d1f6bf7ba5b40702c79f,258
4733,0x1984085a44b67dcb376a9f220c892dc9bc517450,146
4738,0x19876555c0b25ae17224fceefc8e8138a3972020,530
4742,0x198ad6c547d20d70f2f656a4f48e6c7cfb7b4325,587
4792,0x19cf388796c31fa7a583270d82659ecd2b4fd490,6
4858,0x1a1f337faa595a3603b4a3e67776150e7883954d,57
4888,0x1a441841d6705237c14d872dadb83c4b0e204e3c,45
4893,0x1a4b785041f0ca66a83fb6367ba597c746b51e89,38
4981,0x1acb82aa0a3369a92beac4075a2d3138b1cfc83f,37
5044,0x1b2965dc3b1697dd10b7126ec7393d79cda2cf91,1232
5051,0x1b32fc9b7fb1d32cb48d93a3ff22b8850acf33b1,156
5089,0x1b523dc90a79cf5ee5d095825e586e33780f7188,3864
5104,0x1b63142628311395ceafeea5667e7c9026c862ca,135
5125,0x1b7f00ca9d8fea5a9853f18ad247f806a8dce57a,191
5147,0x1babe34619caa02618a8be08abd9fbdfcc93b41c,937
5150,0x1baec9d58603f6eaeddbd66acc56db76215fc8d6,82
5165,0x1bc26c75c728b711228677b2ad8219ed24f05c7a,180
5213,0x1c01ad7a3f0b6abf864012420883c0057a53ac49,64
5217,0x1c051112075feaee33bcdbe0984c2bb0db53cf47,630
5250,0x1c385edf4b687db1472506447348a9e62e1e5edb,92
5279,0x1c5eb68630ccd90c3152fb9dee3a1c2a7201631d,414
5334,0x1cb672bd49eb10a95a62b424cfb136ab3df0b32c,23
5342,0x1cc1983396e55e925b777a0d70dfe8b56edee942,165
5346,0x1cc3195c46c2f6af665ae281ad861eab88ed8fb5,1384
5350,0x1cc848568daabc2541f58c6d2f3344972ac1f2cd,103
5355,0x1ccd8ff59612d4108d9bbe5f16add545efc6fdbe,42
5411,0x1d12d09793daf5eb834c8d29eb6a039c32b73813,81
5428,0x1d2252650c15c9e024a4669a590e02d7a5d00a55,12
5450,0x1d4752ec4aaaf60d0d6817fed1d2784fe2080218,572
5534,0x1dc301854bfecb4ba03eb417579585c2b8ea12c1,1776
5540,0x1dcdda173ef0405e7ff3bb2433b58ce1aa92eccc,90
5573,0x1df428833f2c9fb1ef098754e5d710432450d706,569
5598,0x1e121993b4a8bc79d18a4c409db84c100fff25f5,827
5623,0x1e32a859d69dde58d03820f8f138c99b688d132f,1777
5630,0x1e3882aff34c1eaf5507e77026f215085bda1e19,95
5643,0x1e4c628921d04ab9ea56e7144e3c1203abdafece,187
5694,0x1e8e749b2b578e181ca01962e9448006772b24a2,1016
5759,0x1edcccddb214cd3c20613708d9c9ead9cd2476db,87
5771,0x1ef0420513534fcb6d15d9e61dcfca82b1a5f427,31
5794,0x1efed205caede27da1135cd37a4192861a51100e,729
5802,0x1f08cbfca1f63a23bb6255a76e1ddeeb8d24d0fa,113
5828,0x1f38b496a4738c2ea635945cafc18e47f6f90d97,70
5884,0x1f92fc15bcbeb4dd24eefbead8d7aee409f891dc,1249
5926,0x1fdbffd0d8e237e64e68a904c2a6f447a1ad5c90,142
5943,0x1ff2875cd548eeae6d22f26bae2d72a50fd143c7,609
5993,0x203bc267a4657ae5ee774eb35cec32faa2c0bc1f,362
6055,0x20943a7fbdcb4b84ea553c13d765cd4adaee709b,51
6116,0x20e9503a6bc31765d3648b4ab67d035aa67c65a6,201
6168,0x21438493531dfd9ff94c9eee6786d5c22ec287cc,223
6193,0x2164d6b2ef215a4f46912bdd18f27a25041ebe29,72
6208,0x2177da04f9479496c2292d6344d306aa49beb34a,477
6218,0x2186fb38c7c81b34681aa34d74a363fa3246fe5a,97
6277,0x21d79c2be4ab3de2802a60da66f86d497d06102b,294
6304,0x21ffe04829c65e6656b9c156c7dade4c41025c1c,156
6318,0x221856c687333a29bbf5c8f29e7e0247436ccf7d,169
6326,0x221fb933f42dfde73db5532154f4675b072e1b72,148
6337,0x22290f198be49fe8245cc84d11e4f4747a2000ae,330
6436,0x22ad49d3e1f81a2a626e2df64fbdabe1536cab07,265
6762,0x2457e26c89ac2e18ff3b1703b42067aeb0783ca8,43
6818,0x24a39611d030c76e431d786bd160a73cd4d1da49,71
6864,0x24f01da12667d5679bc2f4df44c919396ed152f2,253
6871,0x24f712251b2dc907d4a3672c6fa5d992e5c1bd23,144
6911,0x2525f1a08a2d5f037dda969f2fa1b56e4b4b47f3,369
6983,0x2592552707b9575afb566178134118a69d97fe29,489
7048,0x25dd159bb80ca4216a2693ca0394672e4600578f,405
7151,0x267a3195ea57ad38e65993dbcb9fbebf8995621d,248
7156,0x268221eff4de4d9ca8943f9e143c076dd2c1dd54,243
7161,0x268ae15513ccfb5e607b7070f9b9db2e555a8a34,201
7163,0x268d3a8c4701000546dd0bf959bf6c8956cc3e5e,187
7236,0x26efa48f71252f2f7d6c3927e615e6dfaa96b85d,59
7246,0x26fb232e36905b9cfee607c85a58c6f3c8d43f41,155
7328,0x2767e54c09e6da30e1c5e1470be6331101e99899,283
7342,0x277a67708887100e9330f12585fb1d62507d36ec,66
7468,0x2816b2ea90f80212de0cea60fea000346f3614b8,503
7484,0x283055eadc6f042b3be83154e072d55f55c0eff1,76
7489,0x28358cef6f55f9746c9c26c62e5728036b4f64b8,38
7531,0x286cd2ff7ad1337baa783c345080e5af9bba0b6e,350
7554,0x2881780b4184b0f81001fb263dafb7a4271edf06,167
7582,0x28a3022841cc4d307283e320d8ef8dee7ad606e9,165
7655,0x290325186b7339d1564e01ff4a54ff563b3010d7,204
7656,0x290420874bf65691b98b67d042c06bbc31f85f11,1687
7658,0x29059f184faa0a32c83971c8951829c8be27d3f3,530
7722,0x295a1b716712b5de1af2656e1f62f17e89cf18b9,47
7723,0x295a1d8ddc54ebb6d4377cb72b4b3cc9181889dd,47
7747,0x29754d7a9f9f344327158e2d01508efa415bd558,155
7784,0x29a7fb941487c31b88473c10934545ac1a89d4c0,113
7821,0x29dff05a66e9c23605039df66f53ada4172ad3a9,75
7848,0x2a07272af1327699f36f06835a2410f4367e7a5c,822
7867,0x2a2196d979004974fd81b234c04bf9d49137205a,393
7890,0x2a42cf4e1cfc33850fd8d8da24f86cd89b82ad95,363
7964,0x2aa8c3aa07a3b6968a54749f0d770626239c0f43,159
8003,0x2ad0fb45590be993f529d6365540bba3e9ecbac0,39
8024,0x2ae82657ec1ec17b25f564cc500dac2a55c5c623,80
8039,0x2afd710d857262378efe996769902dd4cf918017,103
8058,0x2b18233fb4306a705471a7271c018ce0ff7dd754,133
8142,0x2b762480e5bdf49eba0e2126bd96685c70112355,179
8203,0x2bd0cbb03af55e337aabb179a7bf092218b8367c,333
8238,0x2bfe66759f0331066f3e7d57b3dc9a96bfc17927,243
8275,0x2c3474bfe64cd9748be69d24c30cc91639265e68,974
8282,0x2c419c8b207b10b39673482d83caa3e11f3604c5,1312
8336,0x2c83484b7998b0374a033aa0a7af42de2e325c93,92
8386,0x2ccf8a67fe50bccb6a36b0814463818c75cabeea,88
8399,0x2ce05594dce29fd077786e68b015c9456be502ce,177
8466,0x2d52f7bae61912f7217351443ea8a226996a3def,121
8469,0x2d55e23a891e5f7aa77d83bea870336d29868034,326
8565,0x2de14db256db2597fe3c8eed46ef5b20ba390823,193
8572,0x2debdf4427ccbcfdbc7f29d63964499a0ec184f6,486
8593,0x2e07df27127b34d9d497ac9154309bf2740e1ca7,250
8599,0x2e0d63ffcb08ea20ff3acdbb72dfec97343885d2,21
8601,0x2e10104bd7b3e7c659f6f802166be3fcdcd0c097,10
8607,0x2e19050f71ca02d20478159b9fc436e324ad4501,95
8612,0x2e21f5d32841cf8c7da805185a041400bf15f21a,1134
8677,0x2e7296ebc57fcf7c0b112d2a46062017be2b1792,33
8697,0x2e9b4cbcd51db2d28509b6e11744d78ed7f7d6b2,91
8722,0x2eb642535d1090cd12dc0cc206c641076a2bdc65,203
8744,0x2ed65eb5888cd73d74b9c847ffe4b801ee818720,32
8774,0x2eff303377b9e01e042b7f80fb42836b35fb1a49,2185
8857,0x2f64b9c5e4b24eef6c2003406302f0dd92ae9b56,669
8862,0x2f67149d76ffcec09fc007676371bf1866594791,77
8908,0x2fb230336c189914ac28b256c544674e47bc9925,121
8923,0x2fcc020f72e5d2edd2a24d04f3dc90d7fdfbd1dd,23
8976,0x30145d714db337606c8f520bee9a3e3eac910636,208
9001,0x303052148a78a692d7aa89bad454f3e91785488d,457
9015,0x303c36e5c473bf36bf643debeb61c68f780641aa,261
9042,0x30602250c5f1fcba5407e99b1dfaab992ea4ffd2,1148
9048,0x30645a0f9b93633453493cb4029fa9f2a4e9460b,1005
9079,0x30965b30bbbd150d634ca46d5c9b38b2fb9c2f53,285
9127,0x30d00eee6abbf2588437d7b9e80cd7f3234111f2,198
9220,0x3145d2e86208c8183d40f8406fb73635637ea744,48
9247,0x3175125aedfc43ec8930541f6f0550596b82a5b2,103
9301,0x31d447ccf5ed1905287ca964b72f5fef01682944,111
9344,0x321022c75fd370b8eccde0952031e1b548a1a349,276
9450,0x32a283c5c40ca73934bb8515b30a9ae981f9a7f0,79
9498,0x32e2f310dd2996ac37fe0ce255e5ce1c1ffcda76,253
9536,0x3317ad9eda6942b5a7be5ba83346c0ea82c3c26c,75
9560,0x3333e1790a30fefb7d0c8e22675f0392c05fa640,199
9563,0x3335cc8bda40fb5a5f8db1d0011dec98728d81e1,408
9592,0x33569c101562e1faf5b24581057e5cee4c8288d7,786
9593,0x3356a55019976642122b5e061e62e5eadf21936f,39
9608,0x337101def3eeb6f06e071efe02216274507937bb,91
9651,0x33ad49856da25b8e2e2d762c411aeda0d1727918,18
9674,0x33d4b1c41ba877e97cb366e4c53e426cc898896b,93
9687,0x33debb5ee65549ffa71116957da6db17a9d8fe57,199
9689,0x33e033f5965f36af256af35c7f89b48b2b380402,117
9690,0x33e3c007d1d48e2b645c9ce22570267b0c82f578,1583
9716,0x3401ea5a8d91c5e3944962c0148b08ac4a77f153,123
9762,0x34383a9f83c86eceb3748fb89fd9be2805c8b02c,814
9769,0x343f18e39ab281bdd574834be26b32f3c75f42dc,537
9776,0x344651a2445484bd2928eb46d2610daac1b42a66,66
9837,0x34978faf3a9f469da7248d1365ddf69ac099588c,1331
9852,0x34aa3f359a9d614239015126635ce7732c18fdf3,93
9865,0x34b5f399cc5a1dd491666c9866941fb8e8d09746,764
9883,0x34cbb2f5fea5212854e39e0bd8795f6b73bcc5b6,119
9998,0x355c0d364caa4b8c212a6f96763a59b5c704b512,120
10065,0x35c17dd9df9156ee74726e29f598dca529efac8d,335
10129,0x3618de44f177c40c4ccfbb00a7ec4ffd3474f681,11
10215,0x3695667fdf94970df6b43ef404f15e8bfc6a6a92,243
10250,0x36c7b040e7cc3b1dec8e020367f66663d2a79a6c,37
10282,0x36ed861a319278e5b6c39028884b0ca93df105d0,406
10294,0x36fa11f6715a5e440871f531030ee4e94d7b9309,243
10577,0x389ced935e3e4aeafbef6e890f9f6d6c36ecdd38,161
10580,0x38a161d47f01b375f505fcb13e73a315819c7eb3,395
10591,0x38b5e80b942178061f3de9496dd0ad51070edcc7,153
10621,0x38d8c4703bc5bf24d493fcdc4e52b12ec71b655f,137
10663,0x3927af597c09774f91ef84bf765ded4109e9f8ea,442
10748,0x3993996b09949bba655d98c02c87ea6abf553630,119
10944,0x3ab6122981242edbf693ec6cb0ae5d1eddce15a1,460
10979,0x3ae7974d38c1fd3a9be9c6ce0e0bd83ee458bad6,66
10983,0x3ae9a45bc6606ec1bbde71a98dd2ec6cedabfaab,60
10986,0x3aeb66149fc10a8257850594becced7633a7767d,65
10989,0x3aed0ef9164cf90255b85d5c785a164446b17b66,19
10997,0x3af7f85584184f63b533e547e255ae7265ee6a90,4367
11052,0x3b408b5946b2cebf75066f6097f50d9382a4de64,61
11059,0x3b49cb84463bc1c65be2848378092453a433a81e,43
11061,0x3b4e5d7ed86e23087c3a74f05430beeb72289c2b,150
11073,0x3b63410fadbda0ec0ba932fad2997edd7a842679,354
11159,0x3bd59ed16c462b4464091830dab828dce079076f,410
11187,0x3bf2e2b87f8c5aaec8881604c22564399a3eec04,70
11199,0x3c061e4f94f198c80a7a78b345c4a1d5450f9544,278
11270,0x3c8473de08f9dbf14f695f695b30806f37aa8bd3,35
11286,0x3c9a28263b5becf6b0773bf9736b9d0d5f08cb06,466
11353,0x3cf5fdc327dbeef3f687d935b5e45a38376ae244,149
11367,0x3d09f8c103a3969bd95561f9b4d4f60a36f824a9,65
11376,0x3d1805699ff92f10384f6deb5ce39cfbc93021e9,96
11419,0x3d5c457920ff88a7a42d2af63d450e5f2da61d14,20
11460,0x3d8934436db485b5d07ecdbfe88bb206c30fccf5,410
11516,0x3dcc7f690ea1207c8416f89b88f9273ebeab5a39,20
11629,0x3e64014d2d3f0c3a3b0404110cea9060b4565e61,405
11696,0x3ec6732676db7996c1b34e64b0503f941025cb63,200
11780,0x3f304c6721f35ff9af00fd32650c8e0a982180ab,207
11818,0x3f6e4667fec54733fb3b15993b9ce96b69b65cb3,64
11835,0x3f86f18322a888d9b3adef38f127c941bccc014d,943
11876,0x3fc1a2270d371d236acec87b2da324d0dd69fa78,87
11902,0x3fe7493385eaae7ec98dc33f77b4fbe71aeb5edd,676
11908,0x3febb7a93aa9865c7bc1ae14dcc94ff0a7132d46,1060
11923,0x4003b190f948ebb886c7672e7c87d3887004b557,105
11964,0x404437b4644fe2fc2cc5293f74fa6cf3daa61d77,595
12144,0x4127143a866bf5d8ad2afb6de8e63164b8ad5bf6,169
12160,0x413e81d8f46cd69733f7714ce6f5d6c8f47c5843,126
12172,0x414a26eaa23583715d71b3294f0bf5eabdd2eaa8,363
12196,0x416c2200ddc062d5853a765e5ff43aea24a947a8,3135
12227,0x41955ab7d12f9f6c03de972b91d9b895d9c2eaf8,658
12323,0x420c3d6a24f32438154cf261c3012366c446919f,18
12349,0x423231cf52b044d83e03d38ba219489f492a4d04,200
12399,0x42757298759773e1af7199b18f6ad2307dfdcd88,164
12413,0x428700e86c104f4ee8139a69ecdca09e843f6297,156
12426,0x429237a04f9ecd9cd640bee5048f7cb9efe94001,704
12434,0x4299885e97668415cd67484d4a2c5214480ff76d,91
12453,0x42b7e1ef7d6737d513f010697834b8be9f963056,16
12476,0x42d3b1e30f39191f6da2701e31cfc82574ea14d5,170
12506,0x42f9134e9d3bf7eee1f8a5ac2a4328b059e7468c,140
12615,0x438ca4aedd7f6d363dfe15b817dcd738d82f2b66,121
12617,0x438f36ca7393d753de558869bb9f6b519c5bac9a,56
12673,0x43de2a0d5358ce7212621de3b92d8be3f0fd9d70,103
12678,0x43e3659ef1e084313f56db3d1ed6b11d687aaaa9,29
12700,0x44002b0522a59cf17ce67434570b65bcbbae700b,53
12737,0x4423225b1ec18f4156355425fcf29b1f59caffeb,208
12745,0x442dccee68425828c106a3662014b4f131e3bd9b,4843
12749,0x44326e11ffc28e5bccb0bfbc86c92dbeec81dcba,108
12753,0x4436d0999e0f407252d23a9ce9b7071031a0df77,110
12783,0x446a6560f8073919d8402c98db55db342a20300b,738
12801,0x447c69f53d50bc4bc491e5613437983b6d969449,78
12861,0x44cf78e365a3cffed54b7f2d702c2c6239276fa3,96
12938,0x4558e88c5a972244c995ae4dd95a84fc790355f9,89
13111,0x461e76a4fe9f27605d4097a646837c32f1ccc31c,1466
13138,0x463ff9b3abf5787b0c3103a559addbb4050c1ded,572
13157,0x465dca9995d6c2a81a9be80fbced5a770dee3dae,716
13159,0x465e05e02a03e729e5ce3a1cbad4ceb63a392da2,31
13209,0x469adaf766fb35f1a3c2569fe8c57a50f4b39131,832
13219,0x46ae5b30edfde7a6f83285f8ae98a2e97c9445dd,547
13221,0x46b2bd5c888e6d57a839c559fd6076f2c15a8cb1,1230
13263,0x46ddbc30eba19d767868696e88637e93799a7421,120
13278,0x46ecb3f576c31290e1a4b359fd993e36e86ef9e1,2039
13315,0x471ccd726115991cbac31c8f724dd988fe05a3ac,272
13335,0x4735eb38fd11f2f964b5e37e4ce817355c85dd86,45
13419,0x47a931aba7dca4c8a61458797ed58f15170efe90,73
13425,0x47b2efa18736c6c211505aefd321bec3ac3e8779,1972
13431,0x47b78acc6d29428f128eb04b467d316e548e4b89,53
13497,0x481c3452eb02195dde7dafa2fe7e892166dfe261,83
13539,0x485b8ac36535fae56b2910780245dd69dda270bc,494
13555,0x48724944608b7baacd2f7d10bdbc98d429967f7c,9
13597,0x48a63097e1ac123b1f5a8bbffafa4afa8192fab0,178
13666,0x4907911cf8911510b89bc7147a25700b2d260f36,533
13672,0x490a4fdc7a1a35b5c2c3e9418dce793fce027bb2,1097
13685,0x4915981c4bc9fddc1802a218447f0114f2f1dbe3,83
13710,0x493491c6de7c6fdc024fd5d8e799b727cfa157b6,174
13723,0x4947b8804e2d484f97c1e11ce565509641986848,947
13732,0x495421d4bf0c6c175f11e39d899ce4760d9a6f48,30
13745,0x49620d1f3ce8f607f9b8f5bd7295ab75785f4bab,56
13770,0x498a1f9f1369fe7978940ba8a42afc06b30c4fda,35
13791,0x49ad94746a9ece748f7af7efd1f33f0474c44478,67
13814,0x49d20f1b85acca6a58c48ce56f5eed980b047c0a,456
13836,0x49f7e12f7b780b8856ef09986b66aa6bfeb39a49,92
13872,0x4a3172c5879ab244d53ed2eef38ddc1bd8acaccb,420
13890,0x4a4f1c998b89c0dc000983ffd997420dad282ca1,177
13926,0x4a7c6899cdcb379e284fbfd045462e751da4c7ce,162
13928,0x4a7e8dcb760c1068bb6a5828c0d0a57a6143daf0,823
13934,0x4a8b9e2c2940fdd39aceb384654dc59acb58c337,230
13959,0x4aadee07458a53e953433105b7a12f35ff999061,160
13973,0x4abc33cf81e0d21f42168d044f7002edd6b80b09,206
14019,0x4b08fa02d3a7d176cde85eda78af8080281647a6,80
14093,0x4b6760682191de7e476b801b7ab42d8e8a5b041a,1821
14170,0x4bd047ca72fa05f0b89ad08fe5ba5ccdc07dffbf,66
14371,0x4ce62a8651a16686ab679b56204a73f90c6b0e68,130
14378,0x4ceb8dc70813ffbb2d8d6dc0755086698f977613,56
14471,0x4d640d6d2cae44c3192a70dc1179aa890484cc7e,13
14518,0x4d9d36ded3e0bbb6401fa77870fb9d97ebae845b,19
14524,0x4da33cf3100e5da72285f1cc282cf056ce0add51,97
14533,0x4db09171350be4f317a67223825abecc65482e32,87
14560,0x4dd91f366e1ffc6bfc88a9d2af682093c9e24b0f,136
14585,0x4df7652d2ceba7b83f0d7c42222b846cb7f77d31,91
14611,0x4e279732f1104af0e7c9b225b649d3d0cb172562,16
14683,0x4e880933aaa461a5fbd0d499f1e142d78f77c8ea,368
14702,0x4ea111a8ca86c17aa34a016f78f294c55593c307,1587
14709,0x4eb166aa490547e12dd3a9eded8d2b5e8e5de0b5,345
14785,0x4f2988270e1ffa69b4b3b3ed38b55aac8f68d349,157
14844,0x4f764a08c66251e13bdd85b4bb0652b739736328,163
14866,0x4f9f7e5ce597899b6249ee527842c7b7ca760775,129
14878,0x4fb160c83362801a5ea6ba4833a75cc49e86340a,598
14924,0x4ff05543d3a53ce52da701fba2af11255f0a066c,548
14981,0x50475c64bdc135d3ca26834581776908bfd2ab09,155
14994,0x5054a3283e57cc1bd1109f596a0a5a31887d56fb,142
14997,0x5058af7b827e261a6c81f71e2a3883a91a0079dd,118
15020,0x506c4c4325b133b9dc277b00b58b01c606ac6ddd,1293
15131,0x50f27cdb650879a41fb07038bf2b818845c20e17,1538
15137,0x50f8c08b0124092e1001b355f4b8ae2df85f715c,94
15152,0x510af45a164703cf35020a884f5857cbadfbeef7,75
15212,0x5154dceeadd948111678616de0394a4544e3abe4,352
15260,0x518b870520476e08ee523a285e9255b443883885,498
15292,0x51b58094fcceb49174a4f7d5eefb012ba6461c51,489
15356,0x5205fc53d98b83662da97c3f2568e5fb00cde22e,11
15369,0x52181215886f6bc17801e1e4f49d273ac954d6a8,28
15390,0x52349a2c4ea4e4b94ada3d75c9d3a318c024706f,406
15405,0x525022ecd0de305f714e108d3b4ce68928c2d81f,65
15440,0x529371cdad227b5d7607cf9024a3e09f2b0781ee,184
15532,0x530cf036ed4fa58f7301a9c788c9806624cefd19,149
15554,0x5328cd117d42fbeb105794b5cd994df420065462,109
15567,0x5338035c008ea8c4b850052bc8dad6a33dc2206c,11339
15573,0x533d01a9c2bc36034623407be7d28ac0c705899b,118
15593,0x53508d1e1bc0e002bde092364bd9a4c6290b2c1e,109
15653,0x538e597a31f044cd0d88afa914f2602d08cdb7f0,195
15659,0x5399a09fc5d0054fe1d0c15b2dd135fcf7cc3ade,209
15733,0x5404cab11dbd30fd00069d473c621cd2c7b6ae66,367
15782,0x5438f01ebba17c7ee279af990d0a8a02267833e4,1642
15809,0x545a2ed169eac188638763539d30951488a9c8f7,197
15865,0x54b525f1839ae10085de6affd0c549df1f1deef1,210
15875,0x54becc7560a7be76d72ed76a1f5fee6c5a2a7ab6,211
15975,0x554c5af96e9e3c05aec01ce18221d0dd25975ab4,77
16025,0x55956aaad86b318992e7f6dbd8e41923f6829606,251
16030,0x55a0730a844727bd694fd8f938a456158be0f8a6,2490
16039,0x55a9c5180dcafc98d99d3f3e4b248e9156b12ac1,7870
16059,0x55c5ae34089727efa4e692d6687b1f599ac5fde1,47
16062,0x55cf34223929a9d893c1ea402735a3a6fc6e5f74,1044
16072,0x55e2780588aa5000f464f700d2676fd0a22ee160,31
16083,0x55ee31604277c7e01946502003b58b9ca883c1cb,3
16150,0x5655a4ed1ac0928bad65cceedcc8e5012b3d0575,617
16157,0x565d4ed31234bc0562d30442ac79c266c93b9356,41
16282,0x57146999b5b8504a798bb083d2bdfce16a45a9cb,67
16397,0x57a1fcc7c7f7d253414a85ef4658b5c68dc3d63b,315
16400,0x57a4c7c267afdf07bc8c9f8faa46a43ad5ccb688,177
16480,0x580a96bc816c2324bdff5eb2a7e159ae7ee63022,139
16486,0x580ecdd8b7cfca311e3f04bb38102d290b74be32,138
16495,0x581b3d2cdcd3911d9bbf503550c3f6c1f3c997b1,4296
16509,0x582b07d825557d79be4f5ea051167b6c534fea1e,48
16529,0x584463a06039db74a3f76384017b8f38bbe706fd,72
16538,0x584935f602f669aa9296f5ef287b6461e3999e39,355
16551,0x585a8d6138f143c7ba47d65946dd77b19fe1a14a,507
16590,0x588b6bc07ca1d3d882d73b2393e692e42553cd12,116
16611,0x58a049263e0754cb51a63248c34ffe07e8434899,27
16673,0x590beba3a6f552926a44b58b6a179002b51ee906,91
16688,0x592234c63ac3c816b0485761bc00fc1b932d18fd,118
16766,0x59a5493513ba2378ed57ae5ecfb8a027e9d80365,737
16801,0x59d02c4dbf64324e8c9222c48087e721bac87d43,144
16816,0x59e1dc3ca4f51ddfa9315019fcbffb7c72cc0235,19
16831,0x59fce6f285293010c2dda2129b98033a52dc4391,59
16854,0x5a17fb43794212f5fac2298747c8757b8dd94a17,1236
16890,0x5a3e28c2bf04989e6a7506a9ef845ae2dbc6d90a,245
16895,0x5a483c063b6b2b4f0baafbfe799a3504dd477dae,580
16906,0x5a5b1d78df09c7e7ea237380e4753564a12c59ad,117
16936,0x5a813b82e4520f5534ec617747c1887b9f03f051,363
16940,0x5a8681ca9efdda2739a84e84a46fdf3ded1148ca,420
16975,0x5aad57fb43b957adac8a3bdc3da3e53a009c284c,21
16981,0x5ab2d1f5069dd2f9aeec3b0a8e923b1cdbe7fc44,510
16989,0x5abbeb91139db84251f40dc9d07b493083ebd5bd,82
17027,0x5ae64447ec95e7d84584378d6becbb2b433eb948,32
17123,0x5b6a6e73174e7455b722d27a1be116b2052f0859,68
17133,0x5b7693473546c82a0017d4ce1156f899bc078cc9,84
17150,0x5b93ff82faaf241c15997ea3975419dddd8362c5,892
17176,0x5bb3e1774923b75ecb804e2559149bbd2a39a414,81
17274,0x5c2acae2bfbf75b7a2f045dc7f4326bc4f0b048d,72
17299,0x5c54f2aebc8f32555a48881944b0e2025bc8fc55,81
17300,0x5c57abd3548b87ef9babea37ed3abd51fad523a3,212
17304,0x5c5b6cade3f45fca78aac5a9877f1b73c51300e3,782
17363,0x5cb2306f4a67438aa6d77d5bb6364de21f99cfa8,257
17373,0x5cbca85a8086031c47d69eea21d0d0613e40631a,56
17522,0x5d7f92c45c2b6a1711a0a1a7b7f6608437d17e76,2020
17528,0x5d893ddcce690583e404e7da0cdd65c9ec2aeeb0,74
17537,0x5d95baebb8412ad827287240a5c281e3bb30d27e,276
17560,0x5db63f987817910bbb9656b5210990408d3831fb,107
17578,0x5ddc40fe51ea7235cdb54b628b5000cbdb6eca1b,570
17611,0x5e11534344b8c1fda947b37dc57b8734232a6b1c,1042
17617,0x5e1da5c4699b8db5e9cdf09b4871ca9f0f93f785,37
17618,0x5e1e61869762f480eda6eb7f98d7f1c2a8e9c646,225
17634,0x5e37b7e461beace6f0049ee50f86aac66ec78344,729
17643,0x5e451b2d167c2a8faf0a8b23cff27996a28f28bc,342
17658,0x5e59ac40c4d661e55a97c317a5002bf6d9e7109c,584
17729,0x5eb762fe3f2b1b5176c257b173470c4f04689d62,72
17790,0x5efdb6d8c798c2c2bea5b1961982a5944f92a5c1,4083
17799,0x5f08f3e687d907b976e1e24435b093d577982c74,78
17826,0x5f24078e1f76a3e7d007488a018942365f51f6b4,245
17925,0x5fbe0ae423f1767028f150aa92545267507588ef,388
17950,0x5fd36a4a4bcfe5ea059706a6a09c26b62be4059a,212
17959,0x5fde93cb4d71d67adae945f78f59d5049fd1d8f0,137
17976,0x5ffd27f190f3be421f5a9a770a2247b1decae8e3,273
18004,0x60226a096fdcc916e01f1feb94f21096fdd9f2a1,275
18007,0x60256530d074465406df460b6f38424ab5df6bed,175
18068,0x6073b187357c6b2970da8812ece1959b3cce487d,133
18109,0x60a5dcb2fc804874883b797f37cbf1b0582ac2dd,21
18168,0x60e4d786628fea6478f785a6d7e704777c86a7c6,11
18171,0x60e9762d7d29f17c017ac45cc03ee0eb996ffdd8,788
18253,0x6165fd87c1bc73a4c44b23934e9136fd92df5b01,756
18264,0x6177adacfde59c3ace55356250b6504488ac513d,231
18275,0x6186290b28d511bff971631c916244a9fc539cfe,1678
18329,0x61c808d82a3ac53231750dadc13c777b59310bd9,45
18334,0x61d0ea212b35721e021f56094603165a92410c19,2312
18385,0x62174469ab600a7c3add4a2c7a7ca938a811ef46,76
18386,0x62175ff2a8dac4716b1c07323f1cfa97a335a4e7,33
18393,0x621c8908c6b6e398f107a2ea5c7cbc85474abd9c,32
18396,0x621fa2a2dff1012ce2989e583c407d060ef59754,160
18461,0x62707f17000355c1115dcb52309686acb4bfa52d,338
18462,0x6270d239ac3dd7ba9192367e50780031c82c6be1,157
18562,0x6301add4fb128de9778b8651a2a9278b86761423,16
18633,0x637434027cf4a52dd410d4384ce2a75958da3cae,33
18699,0x63d417a577b50c96f4f09148d4e4d70950db0522,29
18725,0x63ff71a37d0c732e2b8e1777e38d79c1307bfa9e,44
18729,0x64072ae2095677ab7e8df63e1fbae89b6366d6b4,639
18813,0x647eb74a5135a0f24beee3c2d8432adcbb32c2a8,277
18823,0x648aa14e4424e0825a5ce739c8c68610e143fb79,167
18836,0x649b729d939ffd45416d987eb3d4efe36bbc69ae,764
18880,0x64e547986bfbfd1cdffa15493b0a83d6b4b36b18,39
18897,0x64f8e38e19c1b6992969dcd5769c149951018af1,157
19012,0x658a80f92542bcddeb74a9b774391a0605a8c211,55
19036,0x65b27ba7362ce3f241dafdfc03ef24d080e41413,1273
19042,0x65ba4f92d7dfa813ddbd849d9faf38a723dd9b12,1285
19124,0x66364bef617514b745339d67f981b0f3de0463f2,257
19173,0x667f565a40b7596358ed338331a206d914f6c9d7,165
19182,0x668873889baf61df613878ef361d6019368b363b,66
19186,0x668c6f75486d6882a1aacf7bf03eee605c96fdad,142
19188,0x668d0c0e4a354a9927e791b45bdf24ae20319b22,270
19190,0x668e961736454a2444adb485340cb7f0844ddd3d,97287
19198,0x6696d93b024520c2dffeb5cfe9fe3baa3ae54825,324
19227,0x66c76d369a45137c97313f8284b5459a2837b79a,393
19235,0x66cd193d0c0fb3b9b44dd371107617a7e9f38184,24
19315,0x6742d2b4aa4df34bb9e3fbab8fb206e1e92130e0,83
19322,0x674988b5a86384687c6ae14b616386ad084bc407,36
19361,0x67744f4b07a3708da6a2362739cc0872e81a6555,519
19445,0x67e0953073e2897d5d61b2fed8c868fa91124f39,86
19509,0x683a42e5b414ae5cf79ece7e369ca5937fdcdc11,87
19524,0x6853a596d6d7264d3622546da3b891b6fe17eb82,11
19540,0x686e960ebd9aceb1771850444d4d3a7810a0dac9,113
19541,0x686ec32c61ae7d3ff16e26403ebea633274cdfb9,1588
19561,0x688e00e1b4dedf25d98b85e56c1d52692f60e6ba,49
19562,0x688e39ff2617ffd2a4bf595320ace3b80d33fbf1,22
19746,0x6981378e696b0dd0e585d4d519c98b8a2c5bc020,17
19758,0x6994e8297f41e4d53fd2496ba47ae347a1f512c9,207
19766,0x699fe57573f418e9670fc84b30b3f7523f49af8b,109
19812,0x69e22fbb1e95c26c39fe445bd60ca219c91ef7ff,322
19823,0x69fa3e097e51b189d27bb791e6a915f7c9f09fbb,51
19917,0x6a790cf85792db7ac24fdf45cc1783f76b4c8faa,135
19939,0x6a8fbdcd862fd48398dec9d50f2035217fe5cc0c,417
19947,0x6a99e8961055b505d8d62c447220bb341ad769ee,32
19998,0x6aeda057364cc4aad943cac04a1c149d90e10a3b,30
20013,0x6b00bcea93bb4f1624818879d8b096577099cdd3,92
20051,0x6b347a82fcac4e6a38d1fc40e3631bd8f9495e9f,959
20084,0x6b7685ad7c6dad8824688d99e5da8d8cc0c89055,42
20176,0x6be72a198322160a319f146a6f63d418a681c7ed,114
20185,0x6beef2b2fe00fddca12a8cda2d4b00435b0ba3b6,776
20213,0x6c12974ab983c064f11a3e787d1a539f86ff57d4,115
20243,0x6c386cc632915a95af78923983e22d0c529ac9c9,440
20359,0x6cd68e8f04490cd1a5a21cc97cc8bc15b47dc9eb,173
20392,0x6d03769720335fb8a3abd64e39919d43cadcdb2a,128
20393,0x6d03e37308fd0110c099191e1b1ddb7c3a611845,79
20485,0x6d7e93dc6d159bdac80955ba90b40adbf3af2bc7,148
20505,0x6d96b763131b9fbef1f6d4af5bdcff09b2dbdd92,140
20530,0x6dbdc8bd19ca826d6b8b2fd56c2fff95ab7b9a0a,21
20539,0x6dc88b231cd04dd1b1e525161162993f47140006,632
20570,0x6e02e27f03ae982a3de019bcdb01aef3ca8a91e0,302
20613,0x6e3aa85db95bba36276a37ed93b12b7ab0782afb,1513
20646,0x6e6003c510a42de03af6c79a88ec6826e8f653f2,470
20647,0x6e63a4caeccb4f341ee9c9175c9cc554bdb6d10b,3662
20662,0x6e8f26d35800ebb7678ac858866ec0e86ba7d1fc,57
20671,0x6e9ac6d4d282c5a3db3cd0aedac0d504f289c97a,383
20677,0x6e9fe041e0ba8c2af35215d900d188d53d7a9b41,644
20701,0x6eb5f7c3aa91e974be11f23cabd3532458070cb9,264
20703,0x6ebb4411f04cebb84ef61a3941ed8f62ac3cdb3d,173
20728,0x6ee25007b73fa79902a152a78cab50f4f7fa9eff,366
20745,0x6eff21c2bfdf83a33aa690fe3db17fc672244907,17
20763,0x6f1b12a415e035eebdc8559130ea8bdb96add48c,93
20778,0x6f35b0cfc58eb1e21eef8a439bbb0ce4c929d32a,95514
20787,0x6f3e3cacff69aab557b810fe5844570c23426df9,545
20842,0x6f7a49da0f184509814039956137dadb9ccda4f8,276
20862,0x6f9bb7e454f5b3eb2310343f0e99269dc2bb8a1d,338
20871,0x6fa86a8a3b8a582279a12ff798537fc012623032,45
20908,0x6fdc859bfad3bc680647c8c58530faa039e1fc03,2570
20929,0x6ffd7ede62328b3af38fcd61461bbfc52f5651fe,218
20931,0x6ffe90a6b0e6ed5398e5ae58367e20fd2e26cbf8,53
20944,0x700996c10aa31f0ff0589cef450e226e66d3f977,53
20969,0x702e9e66a100881039be7bbadacf1ba607c97f6b,407
20989,0x704c978d50590b21e4c2f43eb4da24fe61fcd707,1410
21001,0x705ab5b823d692f4d6a5ec6c31e6dbb6684bcf22,91
21144,0x71356112b4ebe1cd2d0caf59d437bb70574e22da,326
21169,0x7156156e73835176d37922b071c80d6cc722a943,504
21224,0x719d46bf5e6fa7bb63025e40d802da2e3a133426,186
21226,0x71a128399b1cd2054fd084fef1fdf4c9b6b6d624,119
21303,0x7200ef22d5e2052f8336dcff51dd08119aface87,133
21308,0x720a4fab08cb746fc90e88d1924a98104c0822cf,3047
21358,0x7239083cd7b243185f211f2cd30d0356d017453f,21
21400,0x72748e770f89fc00ba3661dffc40552fa07719ec,199
21421,0x72915ad3110eb31768a562f540ac1ebcd51d3dc8,95
21448,0x72ba1965320ab5352fd6d68235cc3c5306a6ffa2,341
21472,0x72d22c8a06db45e1c27faa88e69a5ad583dea103,9
21570,0x735ed02655bca15ec46491c0de4946591135459b,1054
21572,0x7361265d31d5b6bbfc2fabe5ae2e2865f1b33245,165
21586,0x737a58e04171f84f887a44f68c262c0d11e8b8e1,208
21655,0x73f2e04f047931e85b62e4f2652b156199000e14,334
21669,0x7405fe24003a50e4f4117d35e9b5a9f5e512fede,2034
21820,0x74e6e4ce4b57893c62dd996f0b4dee4ee4b26fb4,11
21866,0x752a19d348399170f57d3b9be81e823dc0b631a2,547
21877,0x753c892626c4fa09d1aedc0e9b52bda97a4afa00,76
21891,0x7556cc553036e8e67ca77b72fca81657988de13e,186
21960,0x75c6f6d54440441cabcf53ff2ebe63cd3218099e,889
21993,0x75ef2eff7b12f5f900ef5c787036deab18423d1a,778
22139,0x76a7b89d99793e7b16e8f46bd2d2c6ccf0a7f6ef,530
22166,0x76c1eeaaad4c3bf6526e09a84a1fbcdff56f8d55,19
22176,0x76d4d12fc4e80ca48d1e3fe0e0fcc01f4fe48657,158
22180,0x76d929285e1b9c9cc94908ac67df03b63528671a,49
22193,0x76f1815b6bbfb7105ae04fdcbfca1e6be47acb93,266
22238,0x773b5337c547ce517653d35783a4f0e404ac872f,547
22260,0x7752b30ebbc753cab112298db890c83dcdc500bf,510
22304,0x7780e86699e941254c8f4d9b7eb08ff7e96bbe10,115
22306,0x7781df603f03f875f34d2d4c8e4bb0cd68290fc2,22
22310,0x7785dac603c634ff3a2bb4d6a3f56174ef6ecd08,203
22328,0x77a22740a5b4e6f23df9c7a7bf0c3246150463d2,16
22342,0x77b691dec38da63b60b4adb4c153a17c18e29ce7,32
22375,0x77f34b65b2cca772dec60b10be9323a2cdbf39f9,319
22376,0x77f478a73858f55973e6ad80f57502793730b721,752
22420,0x782c93e1c530a283ef738a58b5671a8fc2d8153f,5201
22449,0x7854d63641ddc55e7808517cae05e94869351a78,43
22462,0x78647aa39ccf72e2e1242cfcd78c9413b6a5b04a,1302
22481,0x7879d92f39425ec5c06a12ac29188b6bfac20097,79
22507,0x78a1450692a739396475ea201a312942f9fb0c2c,381
22545,0x78d5d78d14b0a36fc4526c5e99e72ce7c2e8cef3,34
22584,0x78fb3d569650ea743fb7876312cb5ff7505dd602,58
22644,0x7945561d43d9b7f582f9c250ab5f02c44c34d9fb,192
22701,0x798f73c7df3932f5c429e618c03828627e51ed63,309
22714,0x799d4cb5a154b141a5a5735fe652d49e133ca42a,146
22868,0x7a632e0dc7eae936cb1e9ce178b25138252f315f,278
22891,0x7a827fa01ad4985ca7dff695131b28a1600b9130,1853
23014,0x7b2ad6af37be6a77c95556d9453e4877b6a8437d,9990
23032,0x7b3f9026bb785eb14e44b3e033048779802368d2,199
23061,0x7b6107f5df88b23643511718fffe0865673b8dd8,153
23090,0x7b8405d2e5c06156c6336666a0d9029a6c3b1364,343
23163,0x7bf8bf27e3f300fece90eb785e4f09aba827edde,256
23168,0x7c00c9f0e7aed440c0c730a9bd9ee4f49de20d5c,67086
23170,0x7c04786f04c522ca664bb8b6804e0d182eec505f,197
23186,0x7c1348c2df1b801a756e23693ee5e619e4d4a709,259
23290,0x7c88c6368a84b37b1f18e58f42e79771703a2f66,75
23327,0x7cabb73f5b840b245ec2528751445da1f6dd7eee,381
23453,0x7d551b4aa5938d18be5c5e9fde7fece9566611ba,630
23481,0x7d8391a9d2199b3afa76e7824164503bb2fcc4bd,1233
23543,0x7dec37c03ea5ca2c47ad2509be6abaf8c63cdb39,356
23544,0x7decf7a31168778f311c57b9a948abaa7321001e,186
23612,0x7e455caac23eb8ed9884f55ed7e5a42d5dec2bd9,241
23614,0x7e46796beef510cfd3fc830e30d56b427f9a4518,221
23659,0x7e872a5799fcbcef7855b03fb83dfa1e7495c967,59
23689,0x7eaafd601977d0f1aae82e05461d23c0701bb6a5,75
23707,0x7ec6ffd8c5d5620903a22ce7a8b37d62e0e6559a,31
23776,0x7f3a4459e18f3654152e618dc06df95e3bc7a104,1063
23822,0x7f82540e193d441aeec5d801c292664a2a21777e,39
23864,0x7fbe6acac042fae2b7b901c06326b361c06bf8be,64
23892,0x7fe81534050fa6d648a6f5a33fed3136cbde3424,151
23910,0x8007f38b1eb09f792eb5ffe9a2b2385f1f059de2,89
23995,0x8084a2536b8ef7b38b9f063627529a5f9d89a207,68
24008,0x8096da6ced12b75684054ef16e1bf7e376353c29,347
24033,0x80b71f0eb5f6891f104e9bd161407ad0c444ea22,117
24107,0x8122f9bcd4f39a84c5de0810389e4f2187dc9e77,209
24113,0x812b4e6e9f2899c4805ac1a1ecd8f72e2e96baab,279
24118,0x8135d8ccd2acbe575ebf1827349185df7185cf97,186
24126,0x813d6e94cf379d9da155cceb1c3fba68d18709ea,424
24134,0x814c1df10596e865b9d4fc611928f032b0161204,160
24158,0x8177598e08ee8199c160a48c7a0af31ab54bb59f,222
24172,0x81870dfd40809d070957f6d510f775fa1cc5df01,268
24195,0x819e9b46756176838796454a3719f346cb984689,100
24273,0x82139687faae8a29851902783e02e699de0e0846,177
24299,0x8227cd1705c82917cf1dbb39443f3838dc8919fa,137
24307,0x82312ff861748b95011a7908aa4a89861a736f2c,97
24316,0x82410609593d876761681580cf304c794bd58d09,197
24354,0x826be0f079a18c7f318efbead5f90df70a7b2e29,151
24383,0x828ef26d34c64a6210ed38b8807805312fc8c9fd,509
24413,0x82bb6b5e92e1143fc03ee468a7ba9df8e955f7c2,110
24416,0x82c57308ac62c83a0dbf551d74c3bf34543883e7,31
24433,0x82e133653e5069a61062b28795ef19a99a3d2c75,299
24456,0x830a706f2fa095bdc2d6a4881daa23fb8a5fa709,70
24458,0x830cc132dd66f6491ceaa20206f398247143d9cf,883
24507,0x834bd42d09717b4840c904ed712a7d57c100f5bb,306
24534,0x8376f63c13b99d3eedfa51ddd77ff375279b3ba0,69
24574,0x83ab8e31df35aa3281d630529c6f4bf5ac7f7abf,86
24589,0x83c9440dc34da00c47a0d4dc2b598d7bdb1b53f7,1217
24660,0x842ea67ef65d5ee09f94f38860bef65949411b26,278
24669,0x8441f889a817c739e07ab58d65094098c534ad57,107
24684,0x84569cfadb2ddc127cf01ea284f5841e6213eb2b,20
24727,0x848f11e9c468be9ef6bf5f1daa742e6adf25d7a7,390
24768,0x84bfcbc9e5a1076a6b67af57d5e2a0a40ceefe1d,63
24895,0x85893cc28f86c3138e1e3f888b16466e8accafc6,131
24908,0x859a8e0ae06b4912da619938c5469c01d2a2b7da,120
24945,0x85c0c09570c955f6e07522e9ad6041716cbbb7fe,746
24960,0x85d14b5b709573c275b1ca9c1686cc120e9e715f,72
25019,0x86286d93d79a9e5b78de97cbbc8dcaba0f2489fc,149
25054,0x865c2f85c9fea1c6ac7f53de07554d68cb92ed88,360
25064,0x866e92128a9f1f22cebfb715836ddd9abfeac5c9,85
25094,0x869ce6fb96b6e4d1458143d6e97bb353b8281bbc,33
25142,0x86e69a365d6d9c0f2bfbab6b8e71c8c6f36b5c03,13
25220,0x87616fa850c87a78f307878f32d808dad8f4d401,1016
25278,0x87accabbdedce63379af9d246bb979a3a481534c,823
25324,0x87e32d4631d728d6ad7ebcd133b11febc9da9b93,405
25345,0x880c4f74c3d4c39d75f8e2ad958f40671416bf66,277
25376,0x8837dde34b64f8205f92967ba0f85de14948aa2c,125
25498,0x88b2a4a37d1977d57fe3e38875d87bb89d2c9a0b,26
25528,0x88e3378dfb5463a0d151f802a48a104698e90e3d,923
25617,0x895537e51225476ac7d247e0a0438b17a3931c47,185
25690,0x89b5deaf887ef9e3360f5e3347e6bcdd738778ba,126
25692,0x89b68cba02637cfb1266f0dece2856b040b563c3,931
25721,0x89de85b9d70ecd99e382af131a06eeb556b23162,15
25731,0x89f42ccb1b90103a4b886cc8ee01979492808079,951
25762,0x8a159adc5c3b56823074e7fcdf218c161b605a10,20
25922,0x8ae57a027c63fca8070d1bf38622321de8004c67,21397
25923,0x8ae6422631292c31aeeb2efe154d6326f703f46b,197
25935,0x8af2ceb5e4d230f98c14f1a0a2e51c8509bd746d,27
25956,0x8b104344f397afc33ee55c743a0fbd7d956201cd,1502
25964,0x8b265da0779172cd37f1a8dc786b828222902d74,45
25998,0x8b51c1ba09ee33e7649cac62ccb6d0f410f5647a,9291
26012,0x8b6ec2cf7e3be432f25ae7a587c2903ec595d859,145
26025,0x8b7b042c5ea16f64ca55aeb6b0f8315b4bd6fb23,77
26026,0x8b7d79a679c10bed518fe905d764b4b7667f24de,45
26048,0x8ba60b93055713b86a952102239d894de4b85ab9,85
26049,0x8ba68cfe71550efc8988d81d040473709b7f9218,297
26061,0x8bb18f1eeb8d170f4edfe2c5d008986171b4e572,284
26139,0x8c0d2b62f133db265ec8554282ee60eca0fd5a9e,5069
26196,0x8c6841eb20af5ed45020e920ba14d77bd59f4a25,77
26202,0x8c6fe398d2ef8fa1181d670f19994355e49fb179,156
26212,0x8c794d7345a81e1c9ef45bbb794579beb3555613,189
26214,0x8c7cd59b43786e6e6cbbda82f6a23cb9669d8a3c,26
26221,0x8c87b46dc45076f3cd457790100485fd94fb4157,133
26233,0x8c93716b30a72a34ad62565e41f3048d144fb787,74
26234,0x8c94072567b278b9fa12192cca899b3ce0ed5fdc,846
26290,0x8cdd820f32493f7cf7e03c58295369b7bc166d08,61
26328,0x8d138c01765483cb79d787ce5933f609cbfdabcf,27
26366,0x8d435d7b2d9bfb30a9447bc8db21924d5a62cfe2,17
26367,0x8d452c1f4bae385b13933c83ecff70d74229915f,282
26438,0x8d98d7929c68c814e8a511343c99f09d78f2eef4,19
26444,0x8da02d597a2616e9ec0c82b2b8366b00d69da29a,125
26456,0x8dbb75c576b71b43eea54398f8606aec530181dc,598
26457,0x8dbbca57ea56290efa14d835bbfd34faf1d89753,2967
26543,0x8e3da7c7e530e0e3204b74fc4495fc918dfd26ac,470
26566,0x8e61a9ebd89f20bc95796bc0883739b4852af6bd,11
26569,0x8e63e4376dde62cb82f5a91c4bce4156457dedb1,936
26573,0x8e662143178bb8c797620a3a61f34a71832475b0,585
26592,0x8e7c024eeacf826e6f298a2df2ed3ffa7c5a912f,27
26629,0x8ebbf8f59b7b7849e359f7e1cc395df6741c24b9,174
26646,0x8ed1374ee2601eb3fd635978b17de61b2a7b3b82,211
26676,0x8f09cab21e32219618ce302fc60abb9f4dfbb86d,79
26723,0x8f3dab607ce466be66fa8a725eea801c01e1b56a,55
26776,0x8f8b4759dc93ca55bd6997df719f20f581f10f5c,1116
26784,0x8f942eced007bd3976927b7958b50df126feecb5,143
26804,0x8fac841807e21807f511daf3c04a34cd78661f4c,129
26838,0x8fd56b66f52a5998dfc5c8d45555da67e19e007c,90
26852,0x8fe8686b254e6685d38eabdc88235d74bf0cbead,74
26863,0x8ffa85a0c59cf23967eb31c060b2ca3a920276e1,1821
26895,0x9023ef16968ffea318838a223ef2a79bd9f99f88,13109
26906,0x90339c3d449b908eb51ba9a5fc42ef2dc170c0a1,271
26968,0x90859216cfa0a4f99df9ad561778fe726181619c,309
26987,0x909f12df377343d0d935500da28530f9876f9f0a,226
27007,0x90b8c9d44576410725d3e7c892efc54d22334ec9,358
27012,0x90be4e1da4bb2f464576749abac99774148bc9a2,15
27043,0x90dce282b4cf86bbbb24f8e9e01904e198606e53,138
27184,0x9190fbd866b3ab33d5edabc93bbba3687018e44d,28
27230,0x91dccaa260cc4616e1a6e6b693db7207c5e42937,242
27267,0x921c0b27fa2eeca7cbca305cca5cf2dac9de7e15,551
27331,0x927165752a4ddf685f9d6ef21fd180b0f9bc7e03,23
27379,0x92a7bd65c8b2a9c9d98be8eaa92de46d1fbdefaf,217
27408,0x92cab2cb4ce83bdf5633e3b7e5e665dca10361c8,57
27525,0x9391064713f14ddf6f66fe21512e48a68c1e6648,55
27564,0x93d020b0c5158939274235ee9e670edb9612726e,314
27653,0x945413e119c6a0cfb377e449405f020386fc9cde,42
27760,0x94e83b2a31c5aaef5e4796e114a952829f17bea9,99
27801,0x9519d34cf0dd9cda22cf84d9b9f8de5a7f22600c,404
27814,0x95270f71252af1f92e54c777237091f9382ca5d8,242
27815,0x95293afbab2aca086ec30f7843c4b80f7a64e771,222
27833,0x95425e5abb5cece0c5653dd77be02b7913e53488,140
27855,0x955f9c142b0d614fd166437461d37629910b3e94,135
27997,0x9634445e293a87ab77ca3cf5b43da94aabc544b6,820
28035,0x965b813b302dfccdf6c2f676d59d7d3c960d3582,84
28090,0x96acf191c0112806f9709366bad77642b99b21a9,855
28124,0x96e3baa591c9cf4d5f44dd44d02a3d4ce9290ac2,359
28237,0x9776c82c8a4e9a388829cf4bd78d3cc7b25e09f3,113
28263,0x9795a9baac2f17e7c7f11686bc6bc2afc3d84612,1262
28272,0x97a4e84a0c1945b0162b2a92f9f566b7fd815f70,333
28301,0x97d03b829abbeefb64a4fc2c498d849856a9505b,93
28303,0x97d1aed15265a956b70e7f49d12581ad3a843509,53
28319,0x97de65d1757ce193f77e5aa0b9c2437a5ebabe45,344
28337,0x97fd87cc32ed4ccee07b17e1159e9aca85b223ab,229
28345,0x98060cc2ce3b58bd86379276e325a3a7de4b3e92,94
28366,0x983830536419e28623128eccbc22fee4e4a146c6,140
28373,0x983cb3da627aac4d8c0979e76d9619af2f350490,24
28389,0x984de65b9f9499dfb166889f0e9e15f6d779a1a7,379
28420,0x987f272050fa7cef1d1967d7613d60e37625cbb1,33
28492,0x98d365a3df9711603dd2ab52bf45b16796336726,252
28496,0x98d562c7a4781e3e6c0d16f67469b0a3b0cb25c7,362
28512,0x98ee235244a99fde7aadafb0c0fc77845d9e055a,471
28567,0x9934c1269a94a09cfacb1f123fe8660cffd0d55b,9
28620,0x997b95a4a1ed6186a2de4d63f9ab1c95a918468a,247
28647,0x99988890f2de1d59e1eb76d2f34cde371044b8c8,77
28671,0x99bc02c239025e431d5741cc1dba8ce77fc51ce3,70
28699,0x99d9cc271dcdb1ec44dad67d91a8fccea8f58b1a,100
28710,0x99ed7190511ac2b714ffbb9e4e1817f6851ef9f5,618
28726,0x99fe1a841d59379acd34da92ad01cf4244e73475,4403
28746,0x9a2e2d6f4aa2614f28d63a31008c23e6e6089a8c,281
28780,0x9a55ccf605ff9d08c255d766b2dfbead74840053,191
28785,0x9a5ec987de607ce8838b10b69cf90237638b746e,85
28803,0x9a82d93ba5d1ff820dd969889dd5c3919902abff,61
28846,0x9ac9c636404c8d46d9eb966d7179983ba5a3941a,122
28847,0x9acb0539f2ea0c258ac43620dd03ef01f676a69b,7
28885,0x9b059f4d2199e73aa86f8938167a1a6067474cf4,242
28891,0x9b1020ee4bfbf31706979a45e931eb7e6047303d,1345
28994,0x9b921fad875b06183d3992a125026c89915d71f6,695
29023,0x9bb524bccce50c6a3606cecd80cfaa38d7d4fc26,481
29063,0x9bea8bb132c4cf03110648ef128cb3fc97061253,116
29067,0x9bf0012a8e8d2773c3df612aece2c6da1bafd489,55
29101,0x9c19503c62b533b690aa4928c0dd75d4c0b02590,466
29165,0x9c73959f4462c5ad98182c141385cc95820310d4,914
29166,0x9c73c0b9d332e2c28527033e8c800b17dc946b33,45
29174,0x9c814372667565d72306e2488b8f3beffabfb867,727
29216,0x9cc5f02499328d007d749801fbc197c4f910757a,149
29220,0x9ccc6c5a9d25429f55ad9af6363c1c4f16b179ad,66
29254,0x9cf8e1c0827493b8107c0abe4c9c9e5a3767b017,30
29307,0x9d3f4eeb533b8e3c8f50dbbd2e351d1bf2987908,206
29310,0x9d44c49df2cb83f7009ad5854878f88a623f3634,253
29379,0x9d9fa64bd35f06c9f0e9598a7df93c31d72d14ce,1454
29397,0x9daf4c838186094d4a104960fd4d5153b67447db,72
29426,0x9dd156ed71a84b4174adf949c5a7f48c6b360a6e,104
29525,0x9e64b47bbdb9c1f7b599f11987b84c416c0c4110,289
29527,0x9e66c867e1730a98285703a8a10d916541a8baf9,89
29545,0x9e771253903b5dfc93f880e3d9e20cd32ad05e5f,42
29605,0x9ed40f89f2201af94d498b60d3420122c9962de4,432
29615,0x9ee1830ff376758c5ecc7fb465f3b14d64116d71,102
29626,0x9eef87f4c08d8934cb2a3309df4dec5635338115,51
29643,0x9f0574a5f28779a1a682cfe4bbd090ee058d07aa,1330
29656,0x9f1597681cc4c4dfd91ce5fe9033aa39e7d7ad3e,171
29822,0x9ff17099662514cfdfd932c9abd10b4995cb2f42,93
29860,0xa01dd79c6a09cd5d51278dba059114bc2cb5ebce,339
29864,0xa02113a2ed51e82b05649709fbbd4232dc11244c,118
29928,0xa07b843cb28961b3d8b4cdeb4f623eafc022c668,42
29932,0xa081ae42802e0be86f5a6dd9274adf50c9986a1d,476
29963,0xa0bd213eba4a6117d2ad12d86dee6876eb5f034c,78
29970,0xa0c9bba341881a8d8f835194745d312bb56b4284,659
30007,0xa0f939965e18e969ddabab056e81dae2e2e7df4d,1446
30035,0xa12a918aa308dc665bdf54dfdee3840157354177,96
30120,0xa1a3524e1bd29f71d11e787d36baebb91bfc20da,606
30143,0xa1bdb727aff8f57f4081ffccf6818eaddd6d1246,176
30144,0xa1bdea71b1e391b6742cfb1df63e9f41a4759197,78
30166,0xa1e8c429c49b3c628fcef76b8d59495cf2c8bbe6,79
30238,0xa242ca5d7adafc84db05b4944057f0e83ba9ca2e,239
30297,0xa2924f9cbb4d45e2d8e435272a4869b072bdff74,96
30325,0xa2b4c342de8fd84bc635ee0717f61830ce40980b,52
30338,0xa2c62a66f6660166838b95db60f234dfb59e765e,215
30353,0xa2dcb52f5cf34a84a2ebfb7d937f7051ae4c697b,492
30464,0xa37fbd2264b48ed56dd7de8b9b83db35561700ef,373
30508,0xa3c277b8f35881cbdb017e52bcc376b3ce8f21da,703
30575,0xa41a4b84d74e085bd463386d55c3b6dde6aa2759,1237
30628,0xa46b93810a6b2baf093683a6ee99b533c490e346,83
30791,0xa53a6fe2d8ad977ad926c485343ba39f32d3a3f6,391
30843,0xa59e113fbef3b4129baef6b5355dff683851afa7,76
30844,0xa59f5ff4e3ddfc599f5ebedc824ba52143925d1b,30
30845,0xa59fe57ddcb393dd3dcaa2ba2766e10d4f38e339,163
30878,0xa5d223c176daab154a3134369d1c0478c5e6fecf,35
30913,0xa5f8e2881a275344fe744b30c0b7066db8ace1f3,218
30978,0xa64d6d91083fb088104a185ff046db1148267619,80
30980,0xa64fc17b157aaa50ac9a8341bab72d4647d0f1a7,73
31094,0xa6e92875dc37b2bc14741527ceaa3f8967d75a38,44
31156,0xa73eebe75cfd673fb11a678eab638995311e940f,64
31166,0xa7499aa6464c078eeb940da2fc95c6acd010c3cc,97
31267,0xa7dcc417c63f24f9073b667a5d7149bd38463d0f,146
31437,0xa8d08af73f7df1807774e56e114ff3dad4666165,13
31488,0xa919f55d9fb2e590f8464c0a27ce7dc20cce248b,48
31506,0xa9336f96192140af9a62da3a28b778ee37a785ec,422
31514,0xa93d3b5d86770f8ab2130e30556a880be801a994,510
31560,0xa98ed85e8408e5331d4330a1b9c661bd94fb848e,428
31592,0xa9b813a1dbd6d8d12af77318fa8067a676ab50d7,10
31678,0xaa1c9726ca41740aaeb98cacd62cac5976fa238f,242
31715,0xaa54fa7c21aa518787208923d8d173f2b22658ff,871
31724,0xaa621b960f22911462550c078df678493c22b2ae,1147
31740,0xaa6fd0c3dd82e34b1a0ce7a526235336442fd678,616
31777,0xaaa3f05f25eed87ee3a268f4582ec914e6245577,459
31784,0xaaa8a090e78724c8e3f3de407205fff160017568,398
31828,0xaae8fb83edd396dc81025091d192ef0c5cccd4ca,108
31907,0xab4787b17bfb2004c4b074ea64871dfa238bd50c,4348
31911,0xab4ead4014c3e4429fe53a56fdc256d1ea583ae9,54
31934,0xab6ca2017548a170699890214bfd66583a0c1754,2739
31963,0xab95a0fb53df696a492a93f30fa126bde2493043,236
32029,0xabf9984f06799c7d9378628e31136b321d159318,823
32158,0xac99f950c90b5b8ebed32706dfc19c662e7a5888,169
32230,0xacfa1b2ed4a9f3fe226b6f25ffbcbcbbb57940a5,29
32302,0xad532e06fad45f1592cce514890130cb74802977,161
32330,0xad86b45e92038e9c9815b3dcfdc47b4aa5735805,455
32349,0xadaccdb8f0972d771153bf884c58f6a2778e79fa,49
32363,0xadc41d839b7fc82fb76bf57fab7cddf83bfa68ac,240
32374,0xadd27cf63738b94c10f1e7e8f8658150962cc3ff,80
32402,0xadf82f0ac7279ecd6b11f864999f674ac7d26ff8,51
32409,0xae0bc3956053dd553c5602730ae4991a15b58e58,442
32473,0xae667ed58c0d9198fc0b9261156d48296c1bb3da,425
32545,0xaec600e4b4b662d74144845a1c6ee045728dbb52,50
32593,0xaf056420dd16d6cf1d66ff1e2c6439cdd2bfccfc,59
32604,0xaf0f557a9a7e84bdd02adbc14962df2789d95d4e,63
32620,0xaf23783681211d065064b56de2cf9ffc7babd4a8,322
32626,0xaf2b3a554b5a902419f09908d588adacf15897ed,298
32629,0xaf2e919b59734b8d99f6bc1f62dc63d6519d14bc,424
32646,0xaf439860daebff772f3352fb53561a7158571850,39
32668,0xaf5e63c7f54ff53e5475f2ff9a60ff3628b1bd61,150
32669,0xaf616daba40f81b75af5373294d4dbe29dd0e0f6,136
32679,0xaf6a78083708cae7aead9c96a1475eb25c671fbd,420
32720,0xafa14280490a031dfa60bf2368abf9c5b650d31f,353
32721,0xafa32b3cdf8bed419a92724153feb55173e11968,135
32722,0xafa3a87e6b4179552615faaf3c600d00016d10a1,85
32730,0xafada13a37a656e03845820abdfe63c80f695956,59
32778,0xafeb5f1f3db00f66e28ef38fcf9cde0d469fab4f,113
32860,0xb066a5b94c4d1c7c06610d1628375e5e4b265de5,856
32926,0xb0bd404d9a2053fd8536a601f4e8c24042cbb749,96
32927,0xb0bf5c3c91692b45aeb97e82fb234be9240014ad,54
33006,0xb134c95cfc957e30e8d6e9f823277b3253c6205a,7
33021,0xb14432c8907d14687aeea6ae7ae7ed646f070612,48
33023,0xb147c83285c9feef1de86eed0e8e48fff20bf13a,14
33119,0xb1ec36cc8dbd68f60cb018b1a57e9a12d0d37d4c,93
33167,0xb22be4324e1d24d2e23efdd22477dae564c6223a,159
33175,0xb232b78f8e6ee95caea3f1364d69a8da23844e75,59
33217,0xb264a80b607666af66a5924990ce396507baa68a,336
33225,0xb275798ced314a8f5884d962c64b81bb8fd9bd99,193
33227,0xb279f56b1f71f85d59dc1499e697e4f005298c14,194
33236,0xb28397e0e9a9cd849a30af694f46765310274af5,8
33239,0xb288090e6b2427e2e4b52afb0590f0f22ea0f6d4,31
33259,0xb2aadf6bfc0a5213acb9c279394b46f50aea65a3,395
33274,0xb2c5b6d70e2a1cd7c76ca3ee5213959a50348422,60
33288,0xb2d60143097b4f992bfbe955a22dbb2acd9a8eab,275
33308,0xb2e714bf6b0cdde7f27316132fb612315f3faf91,726
33325,0xb2f4b16595e02a9721f97e3e30fb5bbbf73f5f54,1379
33346,0xb30a4400e06d47d842df6073598dc6ac066f2d56,66
33394,0xb34450a4265bb6703b542a75b596244282024503,81
33397,0xb3479ac22ab13a9d359c1aa0fdf6f7e3d39a207c,1866
33405,0xb3522064694ac9870dbf00eebc2712762193bb64,106
33421,0xb36c7e6e58e38ad608748e6a00bda29dbeaec96a,31
33456,0xb394f1aa30ba874df3ae6097bf4c2474b2d8f3ac,3819
33471,0xb3a422a68cec22435ed002caab4d0d2eb6cce28c,169
33472,0xb3a4d18a160e1e96e704785e655c245ee649fb90,66
33498,0xb3c7bb26ad2ed197900b72afc9cd0f7bc2255bd8,71
33525,0xb3e08599ac57666be68dbb3d311b9c607900a83b,546
33557,0xb4024293bc7151dc0ae8e76cd256812eca82ecd3,560
33595,0xb441c6847f32280a999516274864683d8c219305,11
33615,0xb4627672ee52660a9e453ec541834e04583f3602,110
33622,0xb46babc5b1a3d79ade4597cb0090efb9f80ebda4,56
33749,0xb518b3136e491101f22b77f385fe22269c515188,78
33853,0xb5905dbe33bb3193ed25dbe86c9436981e7cf54c,313
33880,0xb5ba7a377f909f2ea5ded96b5011acbec194c345,32
33918,0xb5e8121e2bc074c63e03fc352740f9574a10b242,88
33932,0xb5fc8914a5d453b340cb16c9dda4f8b0c1f32fa0,346
33951,0xb6164af04291d3aa4051ee78943618318e3f5cef,319
33978,0xb6343d5effe59518acad6290690831fb072a88fd,63
34032,0xb67d92dc830f1a24e4bffd1a6794fcf8f497c7de,59
34039,0xb6836ceab7ce98de4fe7931bc6db890d2ae63c3f,781
34052,0xb697b9455eeee9574ec5c5350cb10c8a5b752a39,770
34109,0xb6dd2144ab7140c32af8f2ddbe9472a32e2ecddd,300
34123,0xb6f1d9da457e6a673e359310f2bc81763eb95613,40
34151,0xb72096fa7478bbb100343344d3a75ab1b012da00,77
34222,0xb7905247daa1e10cf2ebc70a47dcff5fdd498b40,133
34375,0xb88194f9bcc5ec80cf80c163ca2b123917468793,886
34405,0xb89c2f6bb674bd6aace2a1e274d40e6dc4775b15,954
34450,0xb8d7b045d299c9c356bc5ee4fe2dddc8a31280a5,114
34468,0xb8f5855b2dbbe6c5cd9dea25571f945f14b99bb4,565
34524,0xb93f14636678d680dcbbed20c77f2b6220b52c39,29
34549,0xb96845d998bbe8bd10a78115911f7ce71ed3bccf,8
34573,0xb983ad6b53369f8d84491f3260d43e71a31dc41c,134
34622,0xb9cdeb51bd53faf41ea92c94526f40f15460c088,66
34656,0xba0111f5ec1b6f2f092e9730f5f64840f3b42c95,85
34667,0xba178ae12daa78de6592847cf8bb26508ae5d5db,782
34765,0xba942ba205ddcfbe56eb3fa0d1e325b4c9a9638a,13
34769,0xba993c1fee51a4a937bb6a8b7b74cd8dffdca1a4,332
34771,0xba9c5381903a38ff6686a0c39512b03dac609107,88
34825,0xbaf2a684c27133d094e810b6652e9d23f56f07ca,35
34828,0xbaf725fbd18ae95d3af821f8f84d9290f48dbf50,194
34829,0xbaf7b33ec9af4fd874ad9052dad94cefb57a9c1d,37
34935,0xbb60f9f245505f3d132974169be1c01aa68f66f7,1501
34940,0xbb637a937e864795cb00f6681661904836ac8a59,228
35043,0xbbf35f779cff981ac7b2d05e1729c16a1d048873,136
35056,0xbc014fba270583d2f06c79186afef07c989889fd,139
35146,0xbc81db0440938afe59b9d5b5e41938dc30a5b77f,20
35155,0xbc8dafeaca658ae0857c80d8aa6de4d487577c63,397
35245,0xbd080863995b7de1b2a7619157fa1c3d8bb97571,491
35262,0xbd16ea350f19025ad2b92c3325a4d90e1205c7be,280
35350,0xbd9b7373aac15d9a93c810df3999343f4fe1ed88,1140
35395,0xbdd99bc0a4dff8a573c329bc98df04a21d718f0a,46
35457,0xbe319a2ea7edb07e2ef25c2914dcc96c493ea22e,278
35510,0xbe6e23ba37ba18610ccb843b914b4593dc54c2b3,38
35527,0xbe81cca2fc9f28e24ede0363ddfcdcba31ab1e3f,128
35538,0xbe8fe12b9eb1ca2a593e6c070c71c294b6fe9f00,15
35592,0xbecff511eb1f5889f07f79af7954c2271d5b4b78,120
35633,0xbf13215f5267441581e0811c09dcd5786370ec19,205
35645,0xbf24d26b534a19e4f09c0b698b2cbfff820a452e,675
35652,0xbf2c089f3e9d23aa7d124c4b4e8371a54300fd5e,993
35695,0xbf6516ba27f3a26b90e11712a04767222e977fd7,70
35747,0xbfa896b3ce38d74b6be5144ee00f15521cc5f432,76
35760,0xbfb744bf537a17fdcd66e79c0231e6cfeaa428b9,289
35787,0xbfcfddf74d25c8f9bffe9823d5fa3414b936a88e,39
35800,0xbfe384d79969bcb583b8a0e5fedc314aee480e7e,233
35829,0xc008fce4b57d66d8e0770306b28b04ac45565cf0,141
35866,0xc0336b14ca2249da78b8b45b14890e825e3125b1,119
35918,0xc07a18c4cce7f95a413515d3d137de47bcffb495,99
35946,0xc0ab13eb84cbc4a2ee01d1fabd7d51ebbd2b336a,68
35986,0xc0d95fbb7bf19c7665a1c4042b683182b34e2150,617
35992,0xc0e0b44511f832e6363531ddfb79a83dd7ba121a,49
36057,0xc142995f05436c91bba172b7d17522a301323236,1545
36085,0xc16414ac1fedfdac4f8a09674d994e1bbb9d7113,840
36207,0xc2111ae5acaf9405244b2f2651d1eb0d467c06bd,36
36223,0xc229d7d3dd662a1b107e29aa84bb0c8ff609cf3a,1239
36248,0xc23fe08d5bb9a3405033e970b5f87f3e67c031e8,1365
36262,0xc2560052adca2383d40fe3b70c23baf289939fd8,78
36271,0xc264880fad20d56eb6c5c18bcb2f3d50f72c7663,234
36329,0xc2d84fa4cf02665420f5a61d92021ccbdec21c4d,46
36330,0xc2d961bed7c7f5e2b9e82ad7362caed8c0b49df4,122
36367,0xc2fa34a6fcb085f5e0295f233fae7fc90fbafe85,623
36385,0xc30ea36667fdaffd9bc43b89af8818deba5a29ad,112
36473,0xc382787b114903f6479fd3da2d3334775c086106,17
36477,0xc386a793af6cd288815a32128e5db7177a8441d9,76
36479,0xc387e49b5da06694525e18c4bbbf7e23b9412852,22
36490,0xc39dc8e9da3e674826ecb13c420b5fd64cae4972,36
36514,0xc3bb8481be69bbacd14ed278ea219eb0f19748ac,136
36578,0xc40df87e16339f21fbb2e59fb38bf2a957a16ffd,1137
36587,0xc41d0c581eb50ebc5ee5391cb4b531aeebda9b00,34
36597,0xc4293f52633b3603e65e9b4c2b4df40eeecca91c,989
36627,0xc456eee9b43023de3003e0aa5cae3245559f2e09,129
36649,0xc46db2d89327d4c41eb81c43ed5e3dff111f9a8f,1397
36679,0xc4996857d25e902ebea251621b758f86d3761c0f,473
36704,0xc4bafdc0a6b7c1339055cea9dfd433b28815ae78,213
36713,0xc4c41050bfbbf28b0c7b8f43ce1b389cbda0154b,26
36746,0xc4ed448e7d7bdd954e943954459017be63584f69,318
36876,0xc5b0662b034ddd10cc068768cb6aaea120944506,434
36897,0xc5c7b46843014b1591e9af24de797156cde67f08,40
36914,0xc5e38233cc0d7cff9340e6139367aba498ec9b18,3213
36930,0xc5f59709974262c4afacc5386287820bdbc7eb3a,1902
36936,0xc5fda9b6258b392f120db67202c605bf22c29853,87
36996,0xc657e440bb550519b5d58b56211a6c6ff1916d4f,44
37004,0xc65ebcf5ce433f7e7dbfdbc98aa948dd5bd381b8,338
37011,0xc665a60f22dda926b920deb8ffac0ef9d8a17460,524
37134,0xc6f6c89f7f297b5230d2fd028ac06f0677c1857b,2351
37167,0xc721b0b9e17b32dc9f981eedbe4f70be04b96415,57
37217,0xc7635b5ca864b980a653462eb59d42bc915221c5,13
37314,0xc7ec3974acfc942257b6a2dc53c32b9145f7bfad,127
37340,0xc8077c19e3b4dc188ad62a67dc3aea216e8725bd,47
37430,0xc8a1bb9d8b6a3ab5629f4d3f2dc8bfc2a2c8e9ca,19
37466,0xc8d46eb7881975f9ae15216feeba2ff58e55803c,516
37496,0xc912e55e813753f91f96054eacf4e342a6061f1a,106
37503,0xc91a5bc46be45ab8db7a76d69a8d5c8c15cffff6,93
37541,0xc96018558f8fc9cf85deeb083d6137e21470e80f,483
37622,0xc9d42afc4f867c4c3f28e78ae50e65001998f5e9,210
37677,0xca230ea33613d4c775cbf2f4bd85959849257d25,49
37678,0xca2617c0c16a78dc0b29ca72a88785e5797ae61f,636
37802,0xcae839599b381e1a273b5f2629c2a009b506a5bb,94
37821,0xcafb98282f5ae4aa9083e031981e980cff1d9a79,93
37824,0xcafe5296068cc23fbd41730da7644b237a9b0983,332
37863,0xcb320641f8c1aeda102814c5befb040459af25f0,164
37893,0xcb5fba4419abc4d7c11af0c24ba0f2e555407f5b,52
37929,0xcb86e71fc75f08cba566f624969c9210fd74ddaf,460
37947,0xcba2f7a670e43ab58fee66e3843ff06106cc6733,32
38045,0xcc3c0239773768d61beb9db78297a5f92c84db8f,34
38049,0xcc3e42c55a9874cec685fb88c107dc77a50eed9b,278
38119,0xcca11a8edb05d64a654092e9551f9122d70ea80e,178
38127,0xcca768585e1fa2871ddfb789ffa95c6288162fc7,108
38142,0xccb7b4a28d89cdaa8e25b8601abb379a4fc466c2,186
38204,0xcd1ab231cf7f0d876c0a99e1209c9227fd6f67e8,103
38210,0xcd20e9e461d614d4213d44d1d9099a9a3e889883,96
38222,0xcd35548d33d7f49f4cb2d08fd3e0fc7565752223,328
38290,0xcda54f82379d6d33b2a761c0f7f5fe248dd87710,567
38299,0xcdae1bab521e6ad0756f41166e1ac68d4b5ba55a,980
38342,0xcddd0380132770c7a03f2ac2b2d421d35b95cedd,129
38344,0xcde1603d59fd03d29a7c5502f090a0b2c9794e1a,59
38464,0xce9000536c859b6807c3986b03b73b54e8747cdf,582
38476,0xcea58d938f3532df8378f3699c327a9f7f485bd3,149
38517,0xcedec45e06cbb9032625830c5ffb0cf3fad1cf67,79
38559,0xcf10cd8b5dc2323b1eb6de6164647756bad4de4d,146
38576,0xcf2b7c6bc98bfe0d6138a25a3b6162b51f75e05d,1141
38608,0xcf5088685ea6904a034ee73c4f7e15eb5ad99d36,114
38624,0xcf6f5a68d94165081a634ada997be3a93426c467,634
38644,0xcf888b924ce1faad554864257b8b90798f2057a8,306
38656,0xcf9fb3af138f2bd8604842bf91533693d48fb36d,53
38713,0xcffe08bdf20918007f8ab268c32f8756494fc8d8,215
38720,0xd00829b56169267cf54493fb26445ae6318b16a8,20
38729,0xd011234f584d278c716dc306015d6dc7ffa4c539,160
38809,0xd0893aa51805ce106c161104adac46e0506c7044,205
38855,0xd0c877b474cd51959931a7f70d7a6c60f50cdae7,1113
38915,0xd1289bbb6f1633bb56963bf9d51923cf9ea965e8,58
39034,0xd1d0a7b58098135064b53cb0b3d742ff8c7d5d13,27
39079,0xd20ce27f650598c2d790714b4f6a7222b8ddce22,525
39106,0xd23b06012790e2d8e01a7607127588b609c27f0c,286
39149,0xd26a3f686d43f2a62ba9eae2ff77e9f516d945b9,220
39152,0xd26c9529aacfbac9e49eeb4f1c719c4621745bc8,184
39169,0xd2884d130c8bb3c9b3694f9976784e71ae5f9ef1,21
39185,0xd2927a91570146218ed700566df516d67c5ecfab,1127
39198,0xd29d0bac7e2931a5b169ea5e6f3c38cf15443d6a,235
39215,0xd2b507223552e1b21a48b8ca3fc0c43bb80a3ceb,363
39225,0xd2c49de32ad1a108404dc553cfa13fe0c51f180f,17
39302,0xd31ae1707fff96401f716fbde73af6687e481631,141
39353,0xd36954df517cfd9d533d4494b0e62b61c02fc29a,575
39380,0xd394cf7e0c9f7c89f81a2870c576c1910974047b,171
39499,0xd430fc849c60107201ea4f569108716a90ab65e2,482
39525,0xd461c0e84c98650b7d573cb7cdd3d7e0ba402e6b,199
39538,0xd472a55e1fdfca79ea408e61b2b2802c17cf5a15,109
39542,0xd4734ce5102715924ffd44a41d7bb785ca2e6743,184
39592,0xd4c5211966074126b8f932596a26a34e5ae31d45,578
39625,0xd4f94745ccf56c97687d6ba7c6713af7ca850ea2,95
39638,0xd50b0485e1ba29fb1e9e4418ebd47194c4bdde9a,29
39668,0xd530282d853169a23822762af0dcab045d6295d3,108
39719,0xd573c546fd804618ad97958ac85ecf7e863af189,225
39727,0xd577d5aafcba645c14b6c20cc5f9c213724b92ae,343
39743,0xd59120f2a160c9862301c1f3bb5f171279f95512,198
39762,0xd5a771da32a392036a98f7da6b11d46d6d1c61f9,1450
39821,0xd5fce3ec07cd69870e159d0abfaa9ff9d5df2cd6,96
39908,0xd67cce92218517b4963ee843b3a454d382691f6e,45
39919,0xd68c599a549e8518b2e0dab9cd437c930ac2f12b,439
39928,0xd693340a27908fc73c14739cf36ed2541446275d,453
39932,0xd69a8f9fa79eae2e0206cb2c3c6e5c7a8e9c8b9b,131
39986,0xd6d5b6700742debb93229636626691e9c2bd088b,144
39987,0xd6d6869333c5cbf3af8c973b17193d921dbe2df3,625
39990,0xd6d7ea4833f22edbed3dbd3d71adf3cdd8e36a01,350
40009,0xd6f6adf60bbdd7b573cae0329ea85978ccb60448,146
40037,0xd71ddcf7c1700ffa456bfc4a7f42b27a389c026e,341
40163,0xd7c318e9f9129239f6ba4e10994137113dcf6244,376
40229,0xd8253ba4a96db2211b132f3a5901bd2373c98693,30
40278,0xd863c0f47bdeb7f113ea85b3cb3d95c667f17ab4,276
40281,0xd867242ec03eeb70276025353ebad5dad7edb89f,16
40313,0xd88f110293097bcda7157a4762611fa577e04319,235
40378,0xd8ddbfd00b958e94a024fb8c116ae89c70c60257,28
40381,0xd8e177792a8c8ba6767d3e274e2735120a44e4a1,27
40483,0xd96d9dabeff4057212f427d4df87b3e6216b5504,14
40507,0xd994ad9764781747ce07f27300161d9086d8488a,206
40546,0xd9cfab54f1234aeea22b2818ab919866a2809c1c,259
40637,0xda4745f0254044e4b702c9301737c2a0b8c69a6a,164
40639,0xda498a4c903160e5c84faa1d8cdc17adb75fb9b3,135
40706,0xdaab7b4a0cba09b1c3fd9fef2266d9ac8d7fc940,23
40713,0xdab34a1b004a687f9b70e8db73b10a0db6a2705f,860
40741,0xdae386aeb8848cdafd00f2c045516e30222571dd,199
40743,0xdae6ca75bb2afd213e5887513d8b1789122eaaea,1535
40777,0xdb0f6b96b858778b2898c8c7e226f12d1fffae91,7
40809,0xdb33efb01ed7f36a803b1e7eaeae737d22f9ebca,61
40833,0xdb5c70d55d427ac1063330129499e1806c50cb0a,132
40873,0xdb8befb82f10c9b291de9f25607e795a89a2d7b1,60
40878,0xdb93342558502d4f522e774eac55d71bff8e6130,187
40938,0xdbf156853b040431a3e5d6d0802800b29e6ebf99,68
40987,0xdc3f185290e1a77e1fef5cddbec873d0781156c1,186
40993,0xdc463f26272d2fe8758d8072ba498b16a30aaac2,813
41008,0xdc546f477f273bcf327297bf4adcb671b5f20be1,708
41033,0xdc6dbb867dc979e8c0273885fd3290bb12c483cb,17
41086,0xdcbf721551a937768537458c61005f1cbecb043c,109
41099,0xdcd0f870018032c72a782de9e3d9ae75d216d75c,22
41114,0xdcf41fc1fd3c6e013d09914ef87fd36add09c727,539
41142,0xdd1f61e95ca9ec479de81f869921ed191dfeeba8,181
41168,0xdd4f524620a0839d8cd8cde3bf877a0174398c1b,53
41191,0xdd74a5f502167c1bdd88968d058834170175277b,257
41243,0xddc08d2495e0dc63b5c0d8e7f0eefb58140c55da,123
41320,0xde30040413b26d7aa2b6fc4761d80eb35dcf97ad,299
41328,0xde38de354308fb26c4814c230000bf9cffa1e404,151
41405,0xdeb6019b785aefd31769b1ac1f0081810fde0faf,96
41432,0xded440a3b8d76c828db6737c4368ecbd374c2237,101
41451,0xdeee65a285c08f67bc8400b0a0eb5c24682adfed,241
41463,0xdefa3ff4ae9b111a3ebae5a1eb16c0f0f0fb75e9,34
41537,0xdf612c887e88f8e87ac0d2aa04ffd91f0556cfc0,123
41592,0xdfab977372a039e78839687b8c359465f0f17532,52
41604,0xdfbdb9b9174862ecb1010c39ca72409c1d63b18f,414
41671,0xe01a97fc4607a388a41626d5e039fdecbfc6acd9,556
41706,0xe04885c3f1419c6e8495c33bdcf5f8387cd88846,263
41727,0xe065550fe104e7bf83ea725f831cb9072e4906b3,123
41741,0xe08103baf075f4e8009e4c21abff6a5aff0f4acd,50
41745,0xe087506511ba6a29612a1b869f5c1caf0d5e8819,220
41770,0xe0a703e24de2f2510fb3a8e2208b7383758f03b3,117
41797,0xe0ce7615ebcabdf1edbdc6d03db5dea37d2a4301,163
41835,0xe10772c3c2e8879b13d5d2886ef8e9f9b95b83aa,3773
41926,0xe19558d2b3fabb5c045ddf3b44dc15de18e9cd20,28
41931,0xe1994b2fd8310218a06875b4b3d7cbca8ec83e4c,558
41934,0xe19bc2084dd44071baa9a630f01dcb56ce1f6b7b,191
41942,0xe1a3435b683d863bcb6c8aa093de08ed0557ee99,38
42005,0xe1ff19610020d72930aee1b9c047e35b7fd0080e,1119
42056,0xe239c599eb07b5d4c2a6b4180269b995bf7ab3e1,86
42173,0xe2ca7390e76c5a992749bb622087310d2e63ca29,12360
42227,0xe3112c26b6a065fd1b5e1bfc47dfe6fb332a72eb,339
42252,0xe337a9212e15be28148a4188ddca858956ad19f4,119
42261,0xe3460c866c705ca994e93e27957dc9060c79dfef,214
42270,0xe34d4d7396d8eb5adb86c2321d2a85e98b6fdfe3,187
42313,0xe37582cb7ae307196d6e789b7f8ccb665d34ac77,1341
42348,0xe3a89beba9210f8552d3b51018387c1b009a34ba,67
42380,0xe3e39161d35e9a81edec667a5387bfae85752854,68
42390,0xe3f279f20c51173f68646d8c371e99054994c5fd,123
42432,0xe43192c078e391d6243e7e45828c0669162bb9e7,25
42470,0xe45b890ab40a139fb5b42a85afa1c73f41599486,54
42476,0xe46105bbda606babb797b343b21f930668e83c1d,378
42531,0xe4a3f1ee870bb600cffb380239d4d07c9554725e,127
42557,0xe4c6c46645988bbafd8ef6b4d1b60d969cc857c3,78
42631,0xe522bfabdba3e40dff4187f5219a4e9f267cf504,809
42635,0xe525ee5732cfe6cc55deaba95fef7b964e8de3c2,27
42642,0xe52ee356e4320dbc467d72a5e7931c1f24be2912,208
42659,0xe546b43e7ff912fef7ed75d69c1d1319595f6080,63
42769,0xe5ee2b9d5320f2d1492e16567f36b578372b3d9f,833
42811,0xe6291213d431d1da9921456aab3901fa91cd0f14,53
42856,0xe6683e6aae795a8b71015d955ce0248d684dc2e3,173
42916,0xe6b4cd8d3f0de86836f74c9e6ea24325219f2347,228
42925,0xe6c486eb5f5cc2c64b53ab6c3942986d648c9b89,225
42986,0xe703f231ab056ecb99c92a1232cc1020acfc72f8,1535
43055,0xe74f9211016af21ad247973c371f0cfc2f5a7d5b,32
43074,0xe7677698617c6a3d4676eb787c1bc10081d5b8d3,116
43202,0xe7f99cb8c3519bee12977a9beb6dbbe39c98e8f3,32
43206,0xe7fe4d9c4b41a80f337adc26fb5f1bb87d805235,81
43256,0xe849fa28a0d05fb1d6d82d0c24aa293df1b7ea14,58
43261,0xe84da45a30287bf0e5828c39989989970ab34dac,117
43293,0xe8812ec6038bf0966fd79b1bb68b14e57e46fafb,40
43313,0xe896675803da7df23c9bbda3646bbd82593b6668,499
43331,0xe8af12e3c4d34d3aa27a38258d6ce1b803a37e02,221
43345,0xe8bb5796e841e2814266e1bd04f02edd8fb5ea29,412
43361,0xe8d1f8c4325cbc81f02db7b5ef208a65493d8166,136
43366,0xe8d848debb3a3e12aa815b15900c8e020b863f31,447
43369,0xe8de914248c915060e629fec5ddf3d01ce723588,238
43424,0xe925e176846a8dbfec1ffcdd1ead58345680a427,92
43476,0xe96a1b303a1eb8d04fb973eb2b291b8d591c8f72,107
43502,0xe987408df55bccada83447cc1ecfbe5765655f4e,55
43511,0xe997b6b720043c2fb35fc67a492427018c9a22ce,167
43529,0xe9b4a11f3447b908f0680b97982d616af3066ead,267
43685,0xea7c036e5ad5383674138e43e2ecaef8854eced9,28
43705,0xea9724fe1b46b3e397e3b00a62323e49c867cacc,90
43754,0xead90127d60f78f3e97781938418004be1794eae,298
43809,0xeb197b76f320c854bc18dbf62bd33a28663abeee,206
43810,0xeb1c22baacafac7836f20f684c946228401ff01c,1220
43829,0xeb369f468d91e575fd30712a0abfcf99fdf75e30,228
43833,0xeb38616ff63fd82eac754135e2068271ec8a2c1d,41
43899,0xeb8e272a17d785b93d14c70453a401a1cbae755a,53
43967,0xebf02c6e12c3ee119abba161c40bfeead0a06b15,1464
44053,0xec6d36a487d85cf562b7b8464ce8dc60637362ac,150
44061,0xec7641e298af02c19171451381c570327389b0c2,2599
44102,0xecaa643997033b1ba605d32748cfe9bdad141880,502
44148,0xecf020271232682c86cefc8e1e1cc2a2880aef4b,27
44159,0xecfa7d8b27b20ba6c386a55a6d0eb4a720b3a368,16
44211,0xed3c3bffcf147850406d0e58ce4f4ebd2b5cd96c,224
44219,0xed4b870b183f58ca022c20500221c98aef1937e6,267
44235,0xed5bd59ae895b737cdc797bf9f23ee57d62b8ee1,99
44247,0xed6a532b10645cd7598d18a89fba4ce026e8a3dd,60
44255,0xed76912506d2f49bbac62b441121d34338864a89,101
44279,0xed9ca75f828747fe3da57f05b89665df6b1b54fe,156
44301,0xedba5d56d0147aee8a227d284bcaac03b4a87ed4,3272
44394,0xee402489d83e2b22d496910f8c810d35a3ad7b25,9244
44443,0xee824c184fd58532e1d7f467c975f343cbdd75a5,12
44457,0xee9158199b2a11696f048a1151156bcdbe431e32,42
44479,0xeeb5f47d4bbde0ae4a02bf23cab0e0a08948f0b7,56
44506,0xeede4f6114a9f166a52de679e21144656b3d8b0d,41
44520,0xeeec0e4927704ab3bbe5df7f4effa818b43665a3,2
44569,0xef34f0fad2bec63a7d47d4a2179b3c06fbe4abb3,120
44609,0xef764bac8a438e7e498c2e5fccf0f174c3e3f8db,1940
44622,0xef825e52812b7c9868dacb492b0ab674149e6c69,58
44793,0xf07a2439296e07bc4320af924e655a01fb69d89c,74
44850,0xf0c34155f57d6953ed22cbecab9764c7c9da2fbb,158
44888,0xf0f225e01cf084d3c246ad595ab60d0d4f5b4c78,809
44930,0xf12d70c84a696d0fffab90e3ca2e21e4d4b8be34,71
44960,0xf15243c48c34c4d63cdd78b297374eccd625d443,67
45068,0xf1db8a2623193757317639d0532daa5e3c8ea20c,304
45119,0xf22f00d0b95b1b728078066e5f4410f6b2be8fae,1131
45121,0xf2330a140085dea60e76f2e3cf18a49cd56e298a,26
45130,0xf23a873b5bc29d9269ad4a50f093477f4599c007,413
45176,0xf27078bf9bdc462fe72bc06e3273dde7c5a41bb5,84
45200,0xf29155745c8ee222d4f7d6a2a7a50c1901f27de2,353
45246,0xf2e47ec484695e8716c822ce422911b14877dc88,27
45297,0xf336e96b7b6966a0b6aa057a56052ad8def9b09b,245
45418,0xf3d9281fa183b74f32b96e1c5244596045f4ede8,53
45473,0xf42a339f93c1fa4c5d9ace33db308a504e7b0bde,164
45546,0xf4a11c01e5e8244233c5a4e7ff4052781c333e36,81
45576,0xf4d176848a02eb80b507e5301e6338accbda4900,204
45618,0xf50131d7d2b5239fe1e934658fe3f6131532a437,1434
45722,0xf585fa336f58518c729e4ea0441293af0f169194,91
45727,0xf588f21d5827bda25c6d70d2312319ee05f1b396,77
45792,0xf5dcb2a47f738d8ba39f9fa2ddc7592f268a262a,78
45804,0xf5ef75ec951fb9eeff3b1b43e82cb8a9e33aaa1e,27
45817,0xf601ce1016652ac039b65bfcb81654df4c68296d,57
45836,0xf6210b4bb2fe841630eb50001e688c4bc058b602,73
45879,0xf654bf086ab06019a47a4426334a991a6a231fa6,18
45896,0xf66c53f324529c24e29eaef7cf8467af99089c0b,166
45925,0xf69ea6646cf682262e84cd7c67133eac59cef07b,355
45962,0xf6cdba86999372f8b9104234885edfdaa1eb01d1,113
46048,0xf74c487e7d9ffebdcfb3189118d74b0b8591dc83,39
46106,0xf78cd306b23031de9e739a5bcde61764e82ad5ef,159
46139,0xf7b3226e803b2deda9af1568237be5b316a20af2,46
46150,0xf7c29c1aaa5f5c378c91aea15eda37503003b41f,50
46183,0xf7ee6c2f811b52c72efd167a1bb3f4adaa1e0f89,217275
46187,0xf7fb07e46a54a0878105c6271b753948e715a962,70
46194,0xf805bef419035e77baa5ce77d79347fca5d10054,325
46268,0xf871f8c17c571c158b4b5d18802cc329ee9f19df,222
46305,0xf8a065f287d91d77cd626af38ffa220d9b552a2b,288
46324,0xf8c75c5e9ec6875c57c0dbc30b59934b37908c4e,1188
46333,0xf8d0a4542b1277d8a330e69cc56bdc109029c623,5749
46381,0xf9107317b0ff77ed5b7adea15e50514a3564002b,40
46427,0xf96149f0a6c42db56e97dad8237335fbff15ff4f,51
46439,0xf97664376416e9379f2354db444bfe3f00b6936b,196
46468,0xf9963dbe9438a5ecb62e5e7c2c081c3d12d48dd5,309
46481,0xf9b7850ee758ca9878a052aeed04f24a50531ea1,161
46500,0xf9dbd46ec67dad36794fe788c29147e00fc25fe7,395
46514,0xf9e8eaceac12cb5c294705b40a47b7fea9c30775,6
46582,0xfa5050d0d5521bd7a743b011b5797a68d2b0b485,17
46584,0xfa53d837b5ddd616007f91487f041d27edb683a0,117
46619,0xfa89ec40699bbfd749c4eb6643dc2b22ff0e2aa6,129
46651,0xfab9a3d37999e12252b47468d2ffd4be15936012,1455
46664,0xfacef700458d4fc9746f7f3e0d37b462711ff09e,693
46669,0xfad5447dc0b7a85735963924bace9b6510baa55d,270
46706,0xfb054de87c048fe9f9d859afe6059d023529e0d8,127
46729,0xfb239e0df3a98f6b728200c14cb364cfc61dc4bc,211
46751,0xfb39a75697b375daba7bf3b109c31c4a271abad6,246
46820,0xfb8c0777051218d3ecb6ade85783b64ce54ad409,366
46870,0xfbc42b6d570e9e9f14a1bf0a39c85ad2b8f03ba5,55
46892,0xfbd483a0e8859e455922b03a052bc3bcdc78f957,47
46990,0xfc71a831061d8324d9b0d61692571346f1732cc5,75
47000,0xfc7b2cbf780ca8bff61002a0018c3aa919426c0f,223
47031,0xfc9dd877930e9799beb663523bd31eefe3c99597,1068
47033,0xfc9fb438c456c771c0b38a57cf0e8a3eab4704fe,251
47039,0xfca5bccedd2e12ec0557300fbc6c736c328f4122,502
47080,0xfce761b176cf360354c92b0efa89cde18cc00c7d,414
47133,0xfd32e8976f4521d3045a2ca44a5549f17e9c1150,35
47206,0xfda01b765ed17bd971e970a24c568513baac43ed,48
47217,0xfdaae0c5a7a56c8265b9f86cf8cd934a494e3733,87
47283,0xfe0d9af0225f0722305f97e42d4f7f5d700bf8d4,60
47299,0xfe2ae5286ec90608f5340cf5bf4e7d868ada05bd,108
47334,0xfe5573c66273313034f7ff6050c54b5402553716,3277
47374,0xfe939bea8df67d56325923ee9d7ce5240b5e493e,155
47398,0xfeb54c3cf914a78e82d14f9cf714d2816b2b1db2,157
47405,0xfec33a90737254dcf9aa33188a11f32797197f93,448
47436,0xfef1697cfa1a6c1211020681405013fee40fe2f2,134
47482,0xff32622d83bbe587d6498f10cc9890ec2cad28a3,10
47517,0xff5269e8ae6a9f2ff2a93c770fd35f8ce71712f8,42
